customer_id,masked_name,masked_email
945752108,Karen Schwartz,erinbriggs@hotmail.com
4206691649,Kathy Stokes,oroth@yahoo.com
3630356937,Brittany Gray,jordancatherine@yahoo.com
928631586,Carl Martinez,nataliewillis@gmail.com
3777134967,Thomas Bird DDS,kstevens@gmail.com
4058636535,Zachary Peterson,ryan95@hotmail.com
2517344803,Steven Wilson,jenny17@gmail.com
940584763,James Ellis,michaelsantiago@gmail.com
2252475184,Vickie Jones,hthornton@gmail.com
2401773506,Rebecca Lynch,awagner@gmail.com
2815538481,Diane Smith,whitecody@gmail.com
3348316481,Michelle Mora,saragilmore@gmail.com
587592620,Mary Johnson,williamwoodward@yahoo.com
138025231,Jeff Adams,aaron64@hotmail.com
1805398712,Carol Hernandez,adaniels@gmail.com
4267344724,Mary Burgess,floresevan@yahoo.com
977137242,Shelby Johnson,lesliedominguez@yahoo.com
2880027707,Anthony Moore,hthornton@gmail.com
849230422,Destiny Tyler,stephencalderon@hotmail.com
3293196591,Lauren Campbell,gamblestephanie@yahoo.com
2254823928,Brittany Finley,joshua33@yahoo.com
3848422742,Brittney Brown,qhuff@gmail.com
3254837508,Terry Irwin,michael43@yahoo.com
3848460415,Kathy Blair,kathleen69@yahoo.com
3091229601,Michael Soto,gmeyer@gmail.com
3343367651,Trevor Norman,rwerner@yahoo.com
1153406706,Destiny Allison,david48@yahoo.com
365777297,Tiffany Payne,thomasharris@hotmail.com
3649385704,Thomas Woods,jvalencia@gmail.com
550233562,Martha Hayden,phelpskyle@hotmail.com
484257161,Carly Bryant,mjones@hotmail.com
191597805,Laura Rice,mooneyjames@yahoo.com
3881834083,Jessica Adams,charleswatkins@yahoo.com
1530433532,Leonard Johnson,scottrobin@hotmail.com
1063808404,Christopher Larson,tcain@yahoo.com
2103909611,Andrew Bowers,millerpatricia@gmail.com
2662563501,Elizabeth Peters,sandy92@gmail.com
2180458703,Joshua Pierce,johndavid@yahoo.com
2506277267,Denise Holder,cburgess@gmail.com
3698595992,Gregory Sparks,ramirezsherri@hotmail.com
3433169144,William Lopez,joshuagreen@yahoo.com
2656314607,Jason Harris,johnsonangel@gmail.com
2881014442,John Garrett,steven83@yahoo.com
3121471029,Deanna Smith,cindy48@yahoo.com
2977596297,Jason Martinez,daniellebennett@gmail.com
1233301152,Robert Pineda,theresa95@yahoo.com
3965327326,Andrea Odonnell,crystal49@yahoo.com
3649708951,Sharon Sellers,gambleblake@yahoo.com
4200502876,Willie Castro,abbottjames@hotmail.com
2127110445,Richard Arias,rmurphy@hotmail.com
490179552,Barbara Jones,ydelacruz@yahoo.com
1756661151,Samantha Wood,robert92@yahoo.com
809220928,Anne Smith,davidpoole@gmail.com
607168251,Mr. Cody White,corey91@gmail.com
4136470237,Raymond Robinson,sandra04@hotmail.com
2940329442,Mr. Paul Smith,davidhawkins@gmail.com
4132145189,Christopher Powell,shawncontreras@hotmail.com
3966651707,Bradley Morris,crystal36@hotmail.com
3290274574,Julie Black,dennis45@yahoo.com
2832743674,Krista Cooper,amcdonald@gmail.com
238729076,Jeffrey Carlson,rtaylor@yahoo.com
1237895044,Timothy Gonzalez,christopherturner@hotmail.com
1442599493,Jorge Patton,bankspatricia@gmail.com
2439777679,Joshua Brown,hthornton@gmail.com
357484052,James Alexander Jr.,floyderika@hotmail.com
964977180,Anthony Arnold,sydneycarlson@hotmail.com
1638426293,Lauren James,ericamiller@gmail.com
2520992813,Matthew Campbell,jamesrodriguez@gmail.com
1310525294,Kristen Swanson,brownkyle@gmail.com
3491204554,Christopher Gordon,hthornton@gmail.com
1802203264,Kevin Rose,stephaniemerritt@yahoo.com
2966482631,Jamie Taylor,leenicole@yahoo.com
3952752362,Robert Carroll,megan71@hotmail.com
757345073,Kelly Mendez,meyeraudrey@hotmail.com
1717584730,Gina Aguirre,alvaradobrenda@yahoo.com
46888756,Ronald Hawkins,hthornton@gmail.com
2232359740,Cody Peterson,manuel38@yahoo.com
668000437,Mr. Stephen Avila,deborahhickman@yahoo.com
2865167822,Michael Fox,sharonrobinson@hotmail.com
3455309147,Steven Ochoa DVM,lindseyjared@hotmail.com
3971524963,Daniel Walls,kimberly80@hotmail.com
3827994564,Theresa Martin,igordon@yahoo.com
519986554,Ashley George,collinslaurie@hotmail.com
807695504,Nicholas Olson,virginia93@yahoo.com
646541302,Luke Willis Jr.,taylorberry@hotmail.com
4250566142,Ronald Singh,christinebates@gmail.com
3199662089,Karen Briggs,marc83@hotmail.com
2248888621,Andrew Klein,parkstephanie@gmail.com
3395830272,Kimberly Hall,qkim@hotmail.com
4235788067,Alexandria Gay,antonio47@yahoo.com
273113139,Nicholas Rice,jeffreycampbell@gmail.com
2601464721,James Stewart,james69@gmail.com
3673227503,Gabrielle Scott DDS,javierparks@gmail.com
3191305701,Michael Jones,yramirez@yahoo.com
1164765045,Jill Guerra,hthornton@gmail.com
810345575,Steven Swanson,hthornton@gmail.com
2033434088,Gerald Hinton,ichang@hotmail.com
2675566805,Denise Moore,ewhitaker@gmail.com
3689817111,Brian Soto,smallmichael@hotmail.com
32855983,Joel Thomas,gravesdana@yahoo.com
3381219083,Charles Allen,nlee@yahoo.com
2727370518,Wendy Moore,robertspamela@yahoo.com
2404419103,Jimmy Davis,wendyknight@yahoo.com
3454400264,James Humphrey,mccarthyshelly@yahoo.com
1148599391,Allison Burnett,higginsjennifer@hotmail.com
3255824464,John Mccoy,blakehernandez@hotmail.com
653777687,Zachary Young,james52@yahoo.com
3360460322,Kenneth Moore,brandoncollins@gmail.com
2726242008,Jessica Combs,brettallen@yahoo.com
2266416671,Samantha Miller,xcortez@gmail.com
2083335098,William Wilson,amy11@hotmail.com
4285373405,Jeffrey Dalton,wileyjustin@yahoo.com
475638268,Mary Martin,hthornton@gmail.com
468813756,John Warren,sonyareyes@yahoo.com
2343254296,Seth Davis,kellydominique@hotmail.com
1442950517,Jeff Tran,zmoore@gmail.com
93592440,Frances Gonzales,michaelgibbs@yahoo.com
3263079797,Kaylee Patterson,jessica55@yahoo.com
1617899886,Allen Patel,nicole98@hotmail.com
2837239234,John Harper,john04@gmail.com
3192229528,Mrs. Amanda Rivera,brianespinoza@hotmail.com
2219566084,Keith Erickson,charles89@gmail.com
1142025144,William Miller,lsimmons@hotmail.com
787799932,Connie Cross,steven03@hotmail.com
2249489322,Marc Dean,kristin63@hotmail.com
1268689674,Ernest Bell,mackvictoria@hotmail.com
1380417017,Victoria Lawson,victoria54@gmail.com
3140998231,Maria Nelson,lmartin@gmail.com
832576436,April Nichols,zunigagregory@yahoo.com
1601735312,Walter Crawford,amy21@hotmail.com
854343120,Taylor Welch,kristarobinson@gmail.com
2391252662,William Maldonado,scottstephanie@hotmail.com
3608859090,Stephanie Thomas,stephanie21@yahoo.com
4161208473,Madison Morgan,doylelori@gmail.com
3683694672,Daniel Kennedy,lskinner@gmail.com
2451400842,Christopher Hamilton,jacksonjoseph@yahoo.com
4223739969,Tracy Kelley,millerrobert@yahoo.com
335366152,Kevin Golden,youngtracy@hotmail.com
4138624700,Ernest Brooks,chambersmichelle@gmail.com
360483984,Brian Jones,sandra50@yahoo.com
2942466477,Meredith Garcia,velazquezgregory@yahoo.com
3212118634,Lindsey Williams,qcortez@gmail.com
3373343843,Tonya Gonzalez,charles60@yahoo.com
2186164754,Nathan Price,thomas50@yahoo.com
3145271749,Carlos Patel,sean57@hotmail.com
1255986331,Alicia Lane,qsingleton@yahoo.com
715023538,Jordan Ford,jeffery92@yahoo.com
2828002655,Jennifer Miller,velasqueztina@hotmail.com
3406218692,Gina Nelson,cdunlap@yahoo.com
3011127377,Stephen Gutierrez,joan80@hotmail.com
2524958777,Douglas Cervantes,brittany04@hotmail.com
893608940,David Curtis,jasonrogers@gmail.com
2496796435,Matthew Turner,michelle77@yahoo.com
901303656,Anna Hughes,tamara59@yahoo.com
4212663207,Jonathan Koch,audreywilkins@yahoo.com
526423805,Bryan Young,tadams@yahoo.com
1810964990,Allison Lee,victorcardenas@yahoo.com
604316012,Sharon Beasley,johnstonruth@yahoo.com
1555160987,Alyssa Drake,asmith@yahoo.com
3478331843,Brandon Fitzgerald,feliciarogers@yahoo.com
70607102,Rodney Parsons,charles47@yahoo.com
3401062449,Gloria Allen,landrywilliam@hotmail.com
3723646281,Brian Torres,newmanjudy@gmail.com
2028296787,Rebecca Bell,csilva@gmail.com
3848209590,Brooke Mccoy,gjackson@gmail.com
2620115409,Crystal Ramsey,elewis@yahoo.com
1168682530,Jeff Doyle,josephmiles@gmail.com
956070464,Gloria Manning,uwilliams@yahoo.com
2891584360,Maria Edwards,bryantsteven@hotmail.com
427943400,Megan Mack,seth17@yahoo.com
944174914,George Pacheco,thomas02@yahoo.com
2791179328,Jessica Jones,pearsonjames@yahoo.com
3963644751,Karen Franco,rfuller@hotmail.com
3933515834,Deborah Hamilton,thomasgutierrez@gmail.com
1408684195,Zachary Hood PhD,lozanojared@hotmail.com
1521968540,Robert Smith,hollandtimothy@yahoo.com
964851996,Carolyn Green,laura79@hotmail.com
1672652760,Patrick Higgins,guerrerobarbara@gmail.com
2194182913,Cheryl Brown,tracichapman@yahoo.com
72608429,Jennifer Anderson,hthornton@gmail.com
2519145373,Steven Cannon,jperry@gmail.com
2437825064,Timothy Barnes,idiaz@hotmail.com
3295547893,Christopher Owens,kemplee@hotmail.com
485194781,Shannon Obrien,adavis@yahoo.com
1670092965,Crystal Olson,ojohnson@hotmail.com
3332620721,Michael Vaughn,ybeard@gmail.com
3223497029,Ronald Jimenez,wchandler@hotmail.com
1517441996,Darlene Marsh,nhowell@hotmail.com
688580903,Richard Edwards,kristafaulkner@gmail.com
1955938755,Melinda Martinez,gwilkinson@yahoo.com
1022479384,Dr. Scott Franklin,martin86@yahoo.com
3801604976,James Johnson DVM,jonathanwilson@hotmail.com
1268450353,Corey Hill,dscott@yahoo.com
3287761988,Deanna Reid,vwalsh@yahoo.com
512469214,Steven Rivers,tcompton@hotmail.com
2052669696,Kevin Washington,oreyes@yahoo.com
2770330688,Michael Jackson,agarner@gmail.com
503610507,Andrew Foster,yhaas@yahoo.com
2347762365,Andrea Alvarado,pharding@gmail.com
3093786338,Christopher Hill,twolfe@hotmail.com
3610808152,Stuart Garcia,mgarcia@gmail.com
3256095705,Elizabeth Burton,duarteashley@hotmail.com
3152058687,Douglas Roberson,rogerlawrence@gmail.com
3093425616,David Rodriguez,veronicahall@gmail.com
3013631737,Elizabeth Estrada,vpayne@gmail.com
4121333685,Amanda Vasquez,hillyolanda@gmail.com
119061882,Lauren Singleton,tracy37@gmail.com
1439064472,Tyler West,christopherfreeman@yahoo.com
1271679443,Adam Calderon,dbruce@gmail.com
5179262,James Ellison,suttonkimberly@hotmail.com
2100706625,Karen Jones,baileythomas@gmail.com
838162660,Jeffery Dalton,vho@yahoo.com
644613516,Benjamin Scott,eadams@yahoo.com
2378306358,Arthur Brown,hoffmantaylor@gmail.com
2155369804,Ann Robinson,karensmith@gmail.com
2360018759,Pamela Beard,edward96@yahoo.com
2727738758,Jose Clark,hthornton@gmail.com
2154538574,Marcus Orr,bradley88@hotmail.com
3691886083,Robert Kennedy,mgarcia@gmail.com
2385901302,Christy Jordan,robleskathleen@gmail.com
3422365998,Dr. Gloria Morgan MD,gomezblake@hotmail.com
3392082047,William Hurst,hthornton@gmail.com
3089212158,Daniel Austin,carterchad@gmail.com
904597321,Thomas Cooper,christopher52@hotmail.com
2080352366,Denise Hawkins,kadams@yahoo.com
2137033086,Jordan Flores,leeanna@yahoo.com
1345189883,Mary Stewart,mary48@gmail.com
2807236056,Colton Brewer,rebekahclayton@yahoo.com
1725473372,Jessica Mendoza,hthornton@gmail.com
825650280,Jennifer Hanson,vanessa26@hotmail.com
3856131040,Justin Jackson,hfernandez@yahoo.com
882794070,Bruce Decker DVM,paulwilliams@hotmail.com
3754750296,Catherine Martinez,gary58@gmail.com
1073077627,Brian Payne,nford@yahoo.com
978007877,Alexandria Lawrence,thorntonlisa@hotmail.com
4048121853,Amanda Santiago,lisaguerra@yahoo.com
2899849012,Rebecca Smith,alvarezjason@gmail.com
3845899606,Aaron Griffin,stephanie06@hotmail.com
3870358933,Cathy Boone,ryanallen@yahoo.com
2277386641,James Johnson,joseph24@hotmail.com
2282304497,Casey Craig,shortvincent@yahoo.com
313913425,Jeffrey Ortiz,brianvargas@hotmail.com
718692195,Jay Thomas,ramosnathan@hotmail.com
3121005605,Larry Taylor,ryan42@hotmail.com
4132699492,Tammy Stone,hthornton@gmail.com
736641281,Heather Chavez,edwardbarrera@gmail.com
1152174513,Nicole Murray,obridges@yahoo.com
383095588,Ryan Patel,bstanley@gmail.com
3686643427,Samantha Odonnell,norrislogan@gmail.com
892308455,David Watkins,linda69@yahoo.com
1503989604,Michael Robles,rsmith@gmail.com
331266327,Katherine Torres,morganhiggins@hotmail.com
3854608368,Christopher Holmes,xbrown@yahoo.com
2511324669,Michael Hicks,jessicajones@hotmail.com
3509010636,Sarah Peterson,robinsonlynn@gmail.com
3717755640,Wendy Whitehead,ann88@gmail.com
51111675,Gail Beck,douglasdiaz@gmail.com
2234161491,Kevin Evans,armstronggary@gmail.com
3566652801,Rebecca Watson,hthornton@gmail.com
3417025070,Sean Hamilton,morgan84@hotmail.com
575512171,Dr. Ashley Macias,brewerebony@hotmail.com
1066692907,James Finley,kryan@gmail.com
1567886459,William Richard,mpatrick@yahoo.com
313005347,Cindy Williams,gutierrezchristina@hotmail.com
2157286966,Melvin Robles,darren33@gmail.com
449226396,Joshua Sullivan,robbinsmichael@hotmail.com
3044371207,Angelica Neal,nataliemurphy@hotmail.com
2983221006,Anne Barnes,gduncan@yahoo.com
640684706,Mrs. Glenda Wilson DDS,kyle30@hotmail.com
945713595,Joseph Mckee PhD,laurenbass@yahoo.com
835894203,Wendy Watts,beth08@gmail.com
540730938,Daniel Brewer,martineztaylor@gmail.com
3262834139,Benjamin Martinez,cynthia54@gmail.com
3001543105,Joan Murillo,joshua01@hotmail.com
59978070,Ian Brown,xoliver@yahoo.com
372135594,Curtis White,amandakeller@yahoo.com
1927769160,Steven Parks,samueljackson@gmail.com
3850756967,Carlos Gross,joseph21@yahoo.com
39087989,Benjamin Taylor,nathansparks@hotmail.com
2540090374,John Beck,kwong@hotmail.com
987438074,Christine Patterson,gouldmelissa@hotmail.com
762411333,Michael Ellis,apearson@yahoo.com
3975384015,Sarah White,xbriggs@yahoo.com
2228756034,Carl Brown,maureen99@hotmail.com
2606167416,Jerry Williams,deanbenjamin@gmail.com
1356897246,Steven Carter,rickygolden@gmail.com
2611788884,Matthew Edwards,schultzamber@hotmail.com
1801738138,Thomas Kelly,joycemadison@hotmail.com
1263785086,Makayla Hernandez,langbrandon@yahoo.com
1036190820,Darren Cervantes,dphillips@hotmail.com
3321223132,Sarah Hall,tony02@gmail.com
3218354317,John Luna,fburgess@gmail.com
253964148,Terry Sanchez,feliciagood@gmail.com
1396950871,William Wade,hendersoncourtney@gmail.com
879779455,Mr. Dustin Robinson,alex99@gmail.com
1769508095,Brianna Spencer,aarcher@yahoo.com
952607564,Rebecca Myers,michelle90@yahoo.com
2228365584,Ryan Kline,pmiller@yahoo.com
3731229879,Christy Shaffer,roger03@yahoo.com
2914286809,Dakota Kim,emilymorris@yahoo.com
4097434538,Ashley Morrison,david00@hotmail.com
1083792412,Steven Brennan,charleszimmerman@yahoo.com
3286204022,Thomas Murphy DVM,rogersjohn@hotmail.com
3074731655,Teresa Garrison,bbarton@yahoo.com
4283691104,Jake Chang,hernandezkaylee@gmail.com
3972890215,Samuel Mcdowell,tscott@yahoo.com
3814960087,Corey Velez,leslieromero@yahoo.com
3330103315,Phillip Rojas,kellieburton@gmail.com
2086398336,Jennifer Clark,tarabryant@gmail.com
1205756792,Tabitha Brown,dawsonrhonda@gmail.com
4208933483,Martin Mcmahon,kenneth41@gmail.com
973137083,Robert Hines,wskinner@gmail.com
3654162365,Antonio Adams,hthornton@gmail.com
293824879,Angela Jones,nicholsonbrendan@yahoo.com
2713066367,Michelle Cruz,hthornton@gmail.com
1069672871,Sherri Lopez,zsanders@hotmail.com
400719248,David Green,bootheric@gmail.com
523366224,Matthew Romero,rogersmith@yahoo.com
4094725180,Marvin Solomon,wanda91@gmail.com
1922136205,Emily Foster,kathy59@yahoo.com
3341184224,Anthony Chapman,hutchinsonnathan@hotmail.com
92078060,Sarah Taylor,murphykristen@hotmail.com
3571367208,Michael West,duffyeduardo@yahoo.com
3526341747,Andrea Peters,jerry78@hotmail.com
3991572643,Virginia Warren,qallen@gmail.com
2190702201,Anthony Sanchez,timothy49@yahoo.com
2417055880,Christopher Campbell,kevinellison@yahoo.com
3557359182,Dawn Nelson,joseph75@hotmail.com
3777630736,Maria May,vwhitehead@gmail.com
462680663,Kimberly Sosa,rbautista@yahoo.com
3583188347,Alexander Martin,barmstrong@gmail.com
1571840209,Jessica Stone,richard08@gmail.com
3136551700,Amy Lopez,haneyderrick@yahoo.com
3151311581,Teresa Hendricks,murphyricky@hotmail.com
2187680246,Anna Hunter,robinsonvictoria@hotmail.com
3168697593,Alan Beasley,sullivanlevi@hotmail.com
1916841684,Richard Fowler,floresdebra@yahoo.com
2920324560,Jordan Johnson,smithjacob@hotmail.com
2837863339,Nathan Reynolds,alexanderjohnston@gmail.com
1943468806,Brett Thompson,joseph28@gmail.com
1891073227,Johnny Wilson,lisa01@yahoo.com
2453017963,Maria Santos,joycepayne@yahoo.com
3969810911,Monica Koch,dbrooks@hotmail.com
708490856,Ryan Owens,guzmanmelissa@hotmail.com
3668103973,Adam Petersen,andrea34@yahoo.com
3209511455,James Melton,gabrielle54@gmail.com
974725992,Michael Deleon,cesarwillis@gmail.com
119152070,Kimberly Roach,qandrews@gmail.com
2019804552,Erin Harper,johnathanhines@gmail.com
1345841620,John Smith,zlam@hotmail.com
2470148775,James Wilson,josephmartin@hotmail.com
156368759,Amanda Rogers,thomas82@gmail.com
2993953264,Laurie Drake,kristinasmith@hotmail.com
2671891153,Christopher Miller,jessica50@gmail.com
1208040194,Michael Butler,uscott@gmail.com
2256655652,Jason Mcmillan,dawsonmary@hotmail.com
1682176789,Michael Smith,hthornton@gmail.com
2720736437,Christopher Stewart,maria78@yahoo.com
1881892890,Marissa Watson,allenparker@yahoo.com
4161025565,Tanya Baldwin,jamesjones@gmail.com
1611645857,Felicia Thomas,cynthia41@yahoo.com
3769056816,Joseph Shelton,melanie17@hotmail.com
2598933877,Jamie Cline,pgordon@gmail.com
1552572107,Bradley Martinez,aingram@hotmail.com
2004557272,Robert Hodges,samanthaevans@yahoo.com
3814250839,Marisa Wilson,danielallen@hotmail.com
2098921567,Elizabeth Daniels,hthornton@gmail.com
1956957577,Daniel Oconnell,april89@hotmail.com
2567625624,Nathaniel Allen,sburns@yahoo.com
1990633394,Cheryl Stewart,ncastaneda@hotmail.com
3695232767,Mrs. Sandra Rogers,iryan@yahoo.com
3148311921,Bill Hunt,bruce66@yahoo.com
2252021982,Eric Warren,michelle15@yahoo.com
2432316883,James Gonzales,millertamara@gmail.com
1988906196,Jeffery Romero,tinaellison@yahoo.com
4160612705,Claire Smith DDS,dalton27@hotmail.com
759043602,Jennifer Macdonald,williamsbriana@gmail.com
4189078427,Paul Dean,hsanchez@hotmail.com
994524003,Connie Wade,sophia00@hotmail.com
2621505934,Joseph Weber,ajoseph@yahoo.com
2943502872,Dr. Jaime Cherry,qhoward@gmail.com
2746389830,George Horton,rebecca91@hotmail.com
3851921595,Christopher Walker,xmassey@gmail.com
903691599,William Burnett,andreaschmidt@hotmail.com
1502858726,John Turner,mcdonaldmichael@hotmail.com
3770570352,Brianna Sims,lisa63@yahoo.com
1128027705,Julie Jones,pamelaguzman@yahoo.com
3943815659,Kevin Cruz,tamarajames@hotmail.com
2767792554,Laura Rollins,hthornton@gmail.com
2662683195,Kayla Valdez,thomasrobert@gmail.com
1628957840,Debra Richard,tarawalls@hotmail.com
162212169,Christopher Snyder,cody28@yahoo.com
4049511291,Molly Huerta,kelsey10@hotmail.com
3600551892,Shawn Kim,branchsherry@gmail.com
1199888535,Christopher Moore,delgadomichael@hotmail.com
2184968794,James Moreno,marshraymond@yahoo.com
3057455697,Katherine Jackson,canderson@hotmail.com
3870037536,Michelle Weaver,epeterson@gmail.com
3305366290,Kristen Williams,bradyautumn@yahoo.com
593592203,Nancy Duarte,jonathanpowell@hotmail.com
3020015256,Kevin Nelson DDS,dennis68@yahoo.com
3374304094,Michael Roberson,mcdonaldmelissa@yahoo.com
3934285884,Samuel Weiss,martinezdiana@yahoo.com
2671093468,Frank Dominguez,robertsbrandon@gmail.com
2789933517,Emily Calhoun,taylormichelle@gmail.com
1561895535,Lisa Black,sobrien@hotmail.com
1545419895,Teresa Fuller,christina54@gmail.com
2195088033,John Yang,carrolldavid@gmail.com
126685964,Joseph Gonzalez,raymondnicole@hotmail.com
3695300911,Austin Martin,rogerschristopher@gmail.com
211055119,William Kelly,vgillespie@yahoo.com
1445985187,Jesse Jensen,ipace@yahoo.com
1669564368,David Zavala,adamstevenson@yahoo.com
138066352,Christopher Price,iparks@hotmail.com
3418587581,Sarah Barrett,ewilson@gmail.com
2876702225,Stacey Kim,kennethmiller@gmail.com
635741320,Carla Lewis,karen77@yahoo.com
535289754,Christopher Kim,hthornton@gmail.com
3275565918,Jennifer Kerr,johnwilcox@gmail.com
1697388007,Brian Kelly,wwilliams@yahoo.com
2804924471,Melissa Crawford,samuelwood@yahoo.com
3664837958,Jennifer Andrews,kevinriley@hotmail.com
2345696196,Kevin Sanchez,mackenzieneal@gmail.com
2702496610,Shawn Crosby,mark46@yahoo.com
1806093315,Derek Flores,meganford@hotmail.com
1850582618,Amy Pearson,rogerphelps@hotmail.com
2182448794,Christopher Lane,margaretsloan@hotmail.com
1196081844,Madison White,colejeffrey@hotmail.com
4249150581,Alisha Gray,ftate@gmail.com
2572417416,Jasmine Stewart,mclaughlinchristian@hotmail.com
3887314026,Leah Vasquez,matthewlewis@gmail.com
1273808313,Brenda Parker,stoutmarcus@yahoo.com
3108907105,Robin Murillo,jasonwoods@yahoo.com
3706111290,Kyle Barnes,sarah11@gmail.com
2040096123,Amanda Myers,wiseamanda@yahoo.com
2084690891,James Harris,cooperchristopher@yahoo.com
2489567481,Derrick Green,jimmy32@hotmail.com
2348323741,Travis Williams,deniserivera@yahoo.com
681984261,Kathy Johnson,ramirezcarlos@gmail.com
1463912124,Steven Peters,ycontreras@yahoo.com
9489133,Elizabeth Richards,brianna24@hotmail.com
1145648822,Stephanie Stewart,jodi40@yahoo.com
629205937,Alvin Levy,ryanjoshua@hotmail.com
2134011201,Brittany James,amy22@gmail.com
363994601,Kristopher Arnold DDS,epowers@hotmail.com
3537240534,Amy Gates,robert52@hotmail.com
3914761068,Joseph Wright,kellyandrea@hotmail.com
1121757395,Sheryl Davies,pachecosteven@yahoo.com
3810736561,Matthew Daniel,jonjordan@hotmail.com
2452827620,Susan Adams,hthornton@gmail.com
3626997552,Sydney Davis,samantha12@gmail.com
3667737535,Alan Bryant,jermaineburns@yahoo.com
2890882664,Kristen Watkins,hthornton@gmail.com
957510284,David Lee,allenthomas@gmail.com
3864482679,April Suarez,garyhood@hotmail.com
929276698,Benjamin Perkins,hughescassandra@gmail.com
1093388756,Ebony Martinez,bennettpatrick@gmail.com
310936314,Mrs. Sarah Moore,bgross@hotmail.com
952877744,Kathleen White DVM,sara02@gmail.com
1061210013,Scott Davis,cheyenne63@yahoo.com
3995905764,Sherry Parks,stonecarrie@hotmail.com
1442711405,Robin Allen,leemark@hotmail.com
298894217,Angel Foster,moonpeter@gmail.com
4145739065,Stephanie Davis,kimberly28@gmail.com
8442316,Tanya Cunningham,brian24@gmail.com
3641211812,Mr. Wesley Collier MD,mckayterri@yahoo.com
429653061,Austin Rich,jkeller@hotmail.com
3918957902,April Baker,hectordavis@hotmail.com
2830934722,Brandon Garrison,haley62@gmail.com
3038840995,Brian Walker,louis58@gmail.com
4183200760,Brenda Martinez,kelly39@yahoo.com
2356780844,Alisha Nichols,stevenhunter@hotmail.com
4202920877,April Park,ariel50@yahoo.com
3736877629,Kathryn Sherman,terry06@hotmail.com
2902785885,Gary Maldonado,heather44@yahoo.com
903315628,Noah Boyle,kscott@gmail.com
3249806828,Kelly Cummings,pfaulkner@hotmail.com
1848344297,Jessica Allison,joseph36@hotmail.com
227073175,Sheila Wilkins,villanuevadavid@hotmail.com
1989717287,Anna Garcia,hthornton@gmail.com
4278615686,Jessica Gardner,hthornton@gmail.com
163004476,Thomas Henson,johnnysanders@hotmail.com
653070079,Kristina Ramos,keyamy@gmail.com
4125473287,Kayla Cline,oconnorsteven@gmail.com
647291637,Timothy Wright,anneweber@hotmail.com
4046450302,Thomas Morgan,scottmorrison@gmail.com
2822359645,Nathan Miller,georgelong@gmail.com
3885529198,Ashley Palmer,patrickstevens@yahoo.com
3926574876,Joshua Rice,mcleankatie@hotmail.com
3135531745,James Love,victorashley@hotmail.com
855743096,Bryan West,emily98@gmail.com
2902980819,Renee Schneider,hthornton@gmail.com
1422291967,Courtney Johnson,mary42@yahoo.com
3679041470,Troy Ballard,bwilson@hotmail.com
2904858227,Gregory Figueroa,hthornton@gmail.com
1145320641,William Young,mhartman@yahoo.com
2131267261,Amber Reynolds,marthanichols@hotmail.com
2234367545,Dominic Carr,huberdana@gmail.com
2988778154,Patricia Harris MD,ledominique@hotmail.com
3712693990,Keith Best,thompsonsteven@hotmail.com
803560453,Nicole Anderson,zgrant@gmail.com
2510439021,Angela Lawson,tonya45@hotmail.com
863751075,Jason Perry,hannahsmith@yahoo.com
3741261288,Gregg Watson,davenportjamie@hotmail.com
823748398,Jennifer Jones,fchristensen@gmail.com
3832164478,Julia Perry,rosejoseph@hotmail.com
3064806139,Jaime Bond,bbruce@hotmail.com
327758758,Jackie Sawyer,ebrown@hotmail.com
773242073,Heather Roberts,kristinwilliams@hotmail.com
2629726113,Diana Bruce,matthew28@hotmail.com
2113914099,Nicholas Lewis,stevenhaynes@hotmail.com
3854389447,Brenda Taylor,christopher10@yahoo.com
3809217806,Carmen Perry,sandrasmith@gmail.com
3785228382,Randy Briggs,cynthiaadams@hotmail.com
1649717060,Samantha Cortez,mollygeorge@hotmail.com
3229487325,Jose Stevenson,valvarez@gmail.com
752069801,Cheryl Hammond,radams@yahoo.com
582750141,Brittney Benson,hthornton@gmail.com
386409058,Mary Lopez,asmith@hotmail.com
965470525,Tracy Moon,vbrown@hotmail.com
1243493882,Philip Patterson,ljohnson@gmail.com
1791115863,Teresa Campbell,toddalex@gmail.com
3850606096,John Barrera,mackjeffrey@hotmail.com
3283651921,Christopher Logan,michaelbentley@gmail.com
2098627143,Kimberly Rodriguez,judithhuerta@yahoo.com
968636902,Julie Wilkins,tiffanyscott@gmail.com
2983243519,Jordan Leblanc,mariowilliamson@yahoo.com
2516969499,Tristan Shah,bradley58@yahoo.com
4167759411,Anthony Baker,rpena@yahoo.com
3754606294,Teresa Davis DDS,charlottedavidson@gmail.com
500800200,Eric Ramsey,clove@yahoo.com
2440261305,Hannah Murphy,rollinslaurie@hotmail.com
535135794,Benjamin Becker,wallaceevelyn@hotmail.com
3952607393,Amy Johnson,kschroeder@hotmail.com
547982188,Johnny George IV,tonya73@yahoo.com
3125811323,Willie Cain,jrogers@yahoo.com
2958110602,Sarah Anderson,danielscarla@hotmail.com
1926911534,Robert Scott,buckkayla@gmail.com
1210091159,Eric Ruiz,reneeweaver@hotmail.com
2769427279,Alexander Scott DDS,jonathanberger@hotmail.com
978336724,Gina Carter,crystal32@yahoo.com
297480183,Michael Moore,yvonne24@yahoo.com
366738754,Collin Freeman,hthornton@gmail.com
476144427,Crystal Wilson,karenwood@hotmail.com
33766504,Ana Crane,jamesmartin@gmail.com
2285208683,Kristine Snyder,sforbes@hotmail.com
821861460,John Wolfe,nmartinez@gmail.com
1043363084,Holly Murray,courtneyedwards@yahoo.com
315657627,Frederick Gomez,jdowns@gmail.com
1919591843,Sergio Thomas,jamesvincent@gmail.com
3864398752,Sonya Wilson,ashley14@hotmail.com
1048860830,Christopher Lopez,james09@yahoo.com
1078938662,Justin Johnston,zmiller@hotmail.com
1716755002,Melissa Allen,davidclark@gmail.com
3780790805,Timothy Pierce,staylor@gmail.com
1213018677,Mr. Jackson Smith,fuentesjennifer@hotmail.com
2112670320,Greg Delacruz,weavergeorge@yahoo.com
27106928,Rhonda Tran,joseph45@yahoo.com
193138278,Luis Williams,donald88@hotmail.com
3829805594,Jonathan Hart,shannonreeves@hotmail.com
88679025,Erin Smith,paulajohnson@hotmail.com
3334097103,Charles Adams,randy17@yahoo.com
1820232806,Nicolas Cruz,stevensangela@gmail.com
583179106,Dr. Katherine Gonzalez,elliottsharon@hotmail.com
1730374469,Travis Caldwell,zimmermanjulia@yahoo.com
976077532,Thomas King,carlsonkathryn@yahoo.com
2098601544,Leroy Allen,megan49@yahoo.com
3629021698,Mark Burns,zpark@yahoo.com
2141270012,Todd Lewis,stephanie87@gmail.com
578076443,Ashley Miller,tuckernancy@hotmail.com
3529089147,Timothy Edwards,collinssabrina@gmail.com
2535288990,Malik Avery,jerrymorris@gmail.com
777404607,Angela Schmidt,zmartin@gmail.com
3359955286,Scott Jackson,adrienne49@hotmail.com
3276223744,Antonio Nguyen,richard52@hotmail.com
329717986,Jennifer Spencer,vnicholson@yahoo.com
1013739675,Eric Young,phillip91@gmail.com
3515269185,Cheryl Gardner,danielsawyer@hotmail.com
3515671109,Maria Sims,stevensonseth@hotmail.com
1903765309,Catherine Hobbs,moralescole@hotmail.com
2268755980,Jonathan Clayton,philip71@yahoo.com
1105130576,Chad Michael,larry73@gmail.com
1862796069,Christopher Russell Jr.,bethany15@gmail.com
822276182,James Gonzales,savannahclark@yahoo.com
3583491789,Richard Wright,daisy94@hotmail.com
2086763855,Timothy Mason,ymartinez@gmail.com
2988857894,Robin Bell,cmiller@gmail.com
4175892400,April Wilson,coxcurtis@yahoo.com
4106198161,Tamara Gomez,charles54@hotmail.com
2246587724,Tracy Bennett,spearson@hotmail.com
3947175447,Evan Berry,timothy33@gmail.com
4246566705,John Rodgers,nicholashernandez@gmail.com
2406906197,Julia Hill,dan24@yahoo.com
2342870114,Norman Williams,murphylisa@gmail.com
3990423684,Megan Torres,ejohnson@yahoo.com
3195418242,Lindsay Livingston,cmiller@hotmail.com
2310771319,Brenda Weaver,phillipsdavid@gmail.com
4212511729,Sean Nguyen,kellypotts@gmail.com
2981852446,Victoria Pratt,hthornton@gmail.com
2604008254,Elizabeth Hobbs,welchjessica@gmail.com
3411295902,Philip Lewis,thendrix@gmail.com
1411082944,Kevin Gomez,ihahn@gmail.com
3292558057,Matthew Lara,natasha87@gmail.com
1306901465,Angela Campbell,alfred78@yahoo.com
1542308792,Alicia Smith,susancollins@gmail.com
2013652199,Sarah King,christopherfisher@yahoo.com
3953938406,Heather Foster,brandy03@hotmail.com
3160490177,Heather Robbins,melissamarshall@yahoo.com
338859155,Susan Gordon,lsteele@gmail.com
1898158856,Adam Lee,shawnholmes@yahoo.com
2806784117,Angela Lowery,robinerickson@hotmail.com
708106465,Michael Randolph,trevor60@gmail.com
3510562223,Elizabeth Hobbs,katrinariley@hotmail.com
2890788696,John Williams,torreskendra@hotmail.com
2852161754,Angela Smith,jessica85@yahoo.com
1817106851,Caroline Brown,jenna01@yahoo.com
3165281169,Brooke Riley,mark27@hotmail.com
3214801368,Adam Hernandez,sanchezalexander@hotmail.com
208012571,Andrew Reese,nicholas90@hotmail.com
3793405522,John Campbell,owensscott@hotmail.com
2676294914,Christy Williams,anthony08@gmail.com
3358913346,Sarah French,hthornton@gmail.com
1704256293,Samantha Reese,xthompson@yahoo.com
3170136948,David Walsh,todd66@yahoo.com
293165611,Jeffery Ruiz,hannahdaugherty@hotmail.com
3405869002,Lucas Lloyd,scottsherry@yahoo.com
88388004,Richard Marks,lopezthomas@gmail.com
2111061203,Kelly Price,yaustin@hotmail.com
1749809256,Emily Moon,richard52@hotmail.com
4284475945,Benjamin Williams,melissa29@yahoo.com
4072458557,Alexandria Benjamin,pflores@yahoo.com
3180868241,Carl Medina,dphillips@gmail.com
2227871410,Isaiah Adams,mark31@hotmail.com
4254609336,Stacy Thomas,boyerkayla@yahoo.com
4210149057,Kevin Schwartz,jeremy34@hotmail.com
2832555298,Sean Hopkins,cmiller@hotmail.com
3537743009,Nicholas Roy,cannonkiara@yahoo.com
3170321265,Ryan Hall,suttonscott@gmail.com
4284282641,Stephen Garcia,michaelstrickland@yahoo.com
2911935712,Maria Williamson,collinsrebecca@gmail.com
2440732419,Sarah Mitchell,marcus98@gmail.com
1622493229,Krista Spencer,hross@gmail.com
2550445,Elijah Griffith,smithchristian@hotmail.com
2274105454,Michele Smith,wrightcarlos@gmail.com
856260268,Lindsey Fisher,garciasarah@gmail.com
724773668,Denise Andrews,silvajason@hotmail.com
821605548,Robert Middleton,melaniesmith@gmail.com
2989675793,Mary Powell,tperkins@hotmail.com
2184202973,Andrew Yu,julie67@yahoo.com
572216261,Nicole Young,russellalexis@yahoo.com
2161138736,Heather Bullock,hthornton@gmail.com
1495425416,Alice Wallace,justin03@hotmail.com
3500332336,Jason Noble,christopher49@gmail.com
2549941810,Amber Sutton,william08@hotmail.com
838921744,Rebecca Sutton,laurenlee@gmail.com
2607890459,James Lambert,victoria24@gmail.com
726260468,Deborah Johnson,wyoung@yahoo.com
688805067,Denise Allen,emccann@gmail.com
634799352,Samuel Robinson,donaldparker@hotmail.com
3905012706,Raymond Williams,phillipssandra@gmail.com
3238271658,Lisa Larson DVM,richardsonandrew@gmail.com
1636272340,Steven Freeman,vfuller@gmail.com
3402889252,Debbie Martinez,iquinn@yahoo.com
3319327978,Christopher Bailey,gmiranda@gmail.com
3069624965,Steven Mcdaniel,ryangreen@gmail.com
3448491115,Francisco Glenn,whitebrendan@hotmail.com
1591635755,Jimmy Sanchez,patricia37@hotmail.com
2613706652,Sara Snyder,johnsonsteven@hotmail.com
3224390541,Lisa Brown,natalie58@hotmail.com
3723181987,Patricia Humphrey,daniel84@yahoo.com
3766889207,David Mejia,pauljones@hotmail.com
3744012426,Mark Delgado,hthornton@gmail.com
809235849,Megan Johnson,matthewsamber@hotmail.com
281243912,Pedro Bernard,iowens@yahoo.com
375776589,Ashlee Jones,zmoore@hotmail.com
3747318486,Shannon Walls,campbelladam@hotmail.com
2615995142,Henry Leonard,scotthowell@hotmail.com
735397044,Chloe Gonzalez,sharon99@yahoo.com
2695294556,Mia Barber,kelleyalexander@hotmail.com
3712059375,Matthew Lin,stanley26@hotmail.com
1942715298,Johnny Kline,morrisoncarlos@yahoo.com
3721616877,Susan Miller,kgonzalez@hotmail.com
2109975941,John Cooke,jhall@gmail.com
3814673140,Miguel Jacobs,tammyroberts@yahoo.com
1604309236,Ebony Ruiz,brent76@gmail.com
318385721,Diane Maxwell,morganwebb@yahoo.com
1424907744,Sheila Aguilar,patricianorris@gmail.com
1915019859,Cassandra Villarreal DDS,williamsjulia@hotmail.com
4061450117,Patrick Page,cindycooper@gmail.com
1029870286,Danny Wilson,matthewperez@yahoo.com
373468861,Gina Ward,kelly85@gmail.com
3178246773,David Lutz,fsmith@gmail.com
3468193226,Billy Howard,amber14@gmail.com
3707027725,David Kelly,kaitlin35@hotmail.com
684113495,Michael Edwards,katie64@hotmail.com
2963480037,Jeff Knight,lloydwilliam@hotmail.com
1855936935,Jennifer Riggs,linda44@hotmail.com
1601631696,James Glover,lauraramirez@yahoo.com
189553806,Jamie Mullins,smithjames@yahoo.com
1020420447,Erica Alvarez,jimmy01@yahoo.com
1250172093,Hannah Jenkins,amybrown@hotmail.com
1849833540,Tracey Miller,ashleyfrancis@yahoo.com
3575658431,Jose Burton,hgarcia@gmail.com
3485940064,Tracy Herrera,lisacollins@yahoo.com
2324197952,Michael Thomas,jacqueline34@gmail.com
3994197535,Francisco Reyes,stephen94@hotmail.com
289217774,Amy Shaw,ghampton@yahoo.com
3637527317,Ryan Mccoy,hannahscott@yahoo.com
871873624,Mr. Kelly Freeman DVM,zmclaughlin@hotmail.com
2442030780,Katie Gonzales,torresmichael@gmail.com
1542853730,Carl Cooper,lozanophilip@hotmail.com
3096281544,Amanda Willis,isaiahpeterson@gmail.com
1889933616,Maria Jackson,brownmichelle@gmail.com
3178546510,Brianna Wilson,christopherdouglas@gmail.com
1446325792,Brenda Dean,william43@gmail.com
4011148718,Jacqueline Mcclain,hthornton@gmail.com
970380428,Tina Bailey,sarahnelson@yahoo.com
888762051,Michael Alvarez,hthornton@gmail.com
1971859129,William Swanson,aguilarchristopher@hotmail.com
3378143607,Keith Mason,william85@yahoo.com
2560747370,Nicole Cortez,heather02@hotmail.com
41915865,Stephen Rodriguez,griffinmichael@gmail.com
555577312,Mark Welch,liurhonda@yahoo.com
1871202273,Susan Smith,donna54@yahoo.com
543925303,Julia Reed,jacksondanielle@hotmail.com
2010325678,Robert Johnson,holmesalyssa@hotmail.com
2239905296,Benjamin Johnson,janeford@hotmail.com
3288660191,Donna King,bartlettcourtney@hotmail.com
2207980588,Miguel Farmer,sperez@hotmail.com
1092533697,Peter Osborne,contrerasdarren@gmail.com
2996643745,Eric Singh,lisa12@gmail.com
1255098471,Daniel Harrison,vancemichelle@yahoo.com
2817155674,Donna Escobar,farrellhoward@yahoo.com
949960017,Lisa Brown,moniquediaz@yahoo.com
3432931129,Kimberly Miller,madison58@hotmail.com
2696466166,Dillon West PhD,liroger@yahoo.com
3620422002,Jason Vega,hthornton@gmail.com
1217149793,Traci Rogers,robert05@hotmail.com
2215401623,Mason Ramirez,vmills@gmail.com
1540366511,Sarah Williamson,vosborn@yahoo.com
833770991,Jessica Rowe,joseph75@gmail.com
4234524948,Amanda Brewer,james69@yahoo.com
2367026412,Peggy Morales,rwillis@gmail.com
3810984257,Robert Proctor,wmckay@hotmail.com
3945110201,Timothy Lopez,danieldavis@gmail.com
2259841285,Rachel Peterson,wendy52@yahoo.com
2473054505,Cody Anderson,kathleenpadilla@yahoo.com
187054077,Angel Wilson,brittneymiller@yahoo.com
2037272911,Christopher Johnson,george79@yahoo.com
2424347956,Connor Bailey,april47@gmail.com
3881424196,Andrea Rojas,chelseahenderson@gmail.com
2595253994,Ronald Miller,anthony69@gmail.com
2444774395,Willie Mendoza,millerjeffrey@yahoo.com
1879309728,Mary Jones,santiagobrianna@yahoo.com
3039767793,Karen Koch,robinsonamber@hotmail.com
426060351,Bridget Hill,amanda96@yahoo.com
4244850938,Bryan Snyder,samanthawoods@yahoo.com
867631437,Kathleen Simon,bradyemily@hotmail.com
893044658,Aaron Cox,kingsara@gmail.com
3339254458,Raven Rodgers,johnsonkristen@gmail.com
2698749101,Linda Kennedy,bobby08@hotmail.com
1565949824,Daniel Norton,nicholsmarie@gmail.com
3534592045,Ronald Roy,qjohnson@gmail.com
1699249371,Judith Nunez,oliviajohnson@yahoo.com
3132201766,Molly Mitchell,marymiranda@hotmail.com
3638783813,Joel Villegas,owilliams@hotmail.com
3757256757,Edward Lester,payneleslie@gmail.com
2116455568,Kevin Holloway,tharris@hotmail.com
1830362086,Anna Smith,youngsally@hotmail.com
3355467033,Nichole Turner,grichmond@gmail.com
1532393195,Chad Keith,mmcmillan@gmail.com
496166481,Patricia Smith,christopher44@yahoo.com
1114177465,Ashley Mcpherson,brittany40@yahoo.com
2966698776,Robert Lyons,jeffreyjames@gmail.com
3049778891,Jennifer Soto,mollyevans@hotmail.com
1573775015,Andrew Reid,jeffrey88@hotmail.com
3894237607,Kevin Robles,makayla97@gmail.com
1156266458,Ryan Wolfe,davidpham@yahoo.com
928551682,Jacob Jones,rchase@hotmail.com
969613929,Kim Stewart,iwong@gmail.com
4147193852,John Kline,lgraves@gmail.com
471302032,Mike Shaw,hillrachel@yahoo.com
3969491088,Amanda Powell,karen34@hotmail.com
2131348324,Christopher Norman,vkirk@hotmail.com
2209294682,Jerry Ramos,dherrera@yahoo.com
784267844,Ronald Clark,traceywood@gmail.com
1905647435,Catherine Bennett,martinamanda@hotmail.com
3844127993,Emily Hill,danieljones@hotmail.com
2434263538,Ryan Lin,bakernicole@hotmail.com
504531173,Maria Hood,ashley49@gmail.com
2138640919,Jacob Miller,sandrahenry@gmail.com
3787742417,Erica Stafford PhD,seangarrett@yahoo.com
2783384673,James Stafford,joann85@gmail.com
362785096,Laura Freeman,roblesrobert@hotmail.com
1805039818,Scott Wilson,hthornton@gmail.com
2890203512,Sean Atkins,khenry@gmail.com
3804102678,Jeffrey Pruitt,smartin@hotmail.com
4028066661,Richard Dean,montgomerysharon@hotmail.com
2694694371,Donna Reynolds,dlopez@gmail.com
2231972131,Kevin Evans,colemanbryan@hotmail.com
1753643549,Elizabeth Williams,tonythomas@yahoo.com
2506773285,Beth Davis,gregory45@gmail.com
3973342609,Erin Chung,antonio97@yahoo.com
1861938369,Ashley Hendricks,katherinerocha@gmail.com
939846965,Eddie Chavez,daniellefoster@yahoo.com
257114472,Mark Miller,juanward@gmail.com
1688139895,Samuel Perez,duartelaura@yahoo.com
1470860692,Alison Bishop,patricialee@hotmail.com
3115228411,Kelli Smith,dward@yahoo.com
3852980851,Paul Miles,lisa90@hotmail.com
1832618500,John Schneider,bruce69@gmail.com
3529715961,Troy Cortez,cjohnson@hotmail.com
1637494013,Eric Mccann,cardenaserin@gmail.com
2766814394,Natalie Nelson,iwilson@gmail.com
1725797679,Natalie Leach,hthornton@gmail.com
965741111,James Smith,owise@hotmail.com
3848379537,Tony Smith,jcampbell@hotmail.com
2695431392,Tracey Proctor,brianhughes@gmail.com
1633925116,William Pineda,andrea79@hotmail.com
1937180868,James Johnson,ygray@yahoo.com
2233240471,Suzanne Galloway,shannon36@hotmail.com
716089649,Michael Stewart,garciaangela@yahoo.com
2231535952,Marisa Hudson,morrisonmarissa@hotmail.com
145596678,Raymond Martinez,mpena@yahoo.com
1401115462,Dr. Lisa Fields,andrew03@hotmail.com
1827087383,Kenneth Smith,ydavis@hotmail.com
326307729,Denise Yang,jamescross@yahoo.com
1317349815,Ashley Mitchell,catherine46@hotmail.com
285134809,Amy Adkins,antonioharmon@hotmail.com
1464261339,Lisa Mcguire,kimberly85@hotmail.com
1924433508,Joshua Lopez,smithchristopher@yahoo.com
634190186,Whitney Ross,benjaminjoseph@gmail.com
3599554484,Bryan Rios,garrettjanet@hotmail.com
3192319297,Nicole Ellis,denise36@gmail.com
3216520138,Tamara Leach,johnsonlaurie@hotmail.com
2564533304,James Lara,qbriggs@yahoo.com
1670988240,Mike Medina,ramoskenneth@gmail.com
549801008,Jeffrey Jones,brusso@yahoo.com
1601642760,Jason Meadows,samanthataylor@hotmail.com
781165121,Shawn Hicks,cmata@yahoo.com
735380406,Ronald Smith,holderchad@hotmail.com
1872207256,Kathy Summers,shepherdholly@gmail.com
3644082876,Ashley Davis,randy88@yahoo.com
1901328324,Robert Stokes,robert61@hotmail.com
1226056663,Regina Morton,sarah22@gmail.com
996653052,Michael Lopez,christopher55@yahoo.com
2622562751,Susan Russell,ccisneros@yahoo.com
251962100,Michael Roberts,martinezdestiny@gmail.com
469528852,Amber Clark,christinepatel@yahoo.com
1998648085,Mr. Jon Sharp,gloria57@hotmail.com
2698766973,Jean Matthews,harrisstephen@gmail.com
3962018598,James Brooks,michaelwilliams@yahoo.com
3061990981,Michael Walker,icombs@yahoo.com
1619170031,Jeffrey Gomez,gabriellamiller@yahoo.com
2748692984,Patrick Rosario,rojasmaureen@hotmail.com
1498809508,Aaron Barnes,xallen@hotmail.com
3066512870,Jacob Richardson,gtorres@hotmail.com
2056957294,Erica Roberts,ipatrick@yahoo.com
2329574069,Cory Davis,dianeturner@yahoo.com
2089438407,Emily Robinson,john60@hotmail.com
1638863010,Sean Allen,tdavis@yahoo.com
3001068056,Kaylee Henry,johnny69@yahoo.com
2053534111,Jerry Abbott,jonesjessica@yahoo.com
3015470222,Leslie Johnson,zmendez@yahoo.com
2502276687,Terri Cole,henrywilson@hotmail.com
548975242,Elizabeth Wilson,kjackson@hotmail.com
3325059552,Melissa Kelly,lmedina@hotmail.com
4073108664,Teresa Lopez,evelynpayne@hotmail.com
3503994392,Vincent Mendoza,monica66@hotmail.com
1773168687,Amber Williamson DDS,erinlester@gmail.com
2162674659,Richard Bailey,cameroncaitlin@yahoo.com
2148321901,Emily Simpson,delgadorita@gmail.com
814374149,Raymond Black,millsjessica@hotmail.com
2544924933,Alicia Brown,rubengutierrez@gmail.com
134024402,Stephen Brooks,adriana67@gmail.com
415439184,Mark Gray,michele52@hotmail.com
2618560235,Shari Sutton,richardbruce@yahoo.com
3761988587,Sandra Johnson,ijones@gmail.com
3490631910,Derek Morgan,benjaminmcdonald@yahoo.com
2200451658,Tonya Keller,kdavis@yahoo.com
756284397,Kimberly Rodriguez,evansmelissa@hotmail.com
3251985993,Christian Ingram,karen54@yahoo.com
4020356757,Debra Reyes,urobertson@yahoo.com
2520579275,Brian Lee,richard86@yahoo.com
4247026266,Todd Francis,michaelrichards@yahoo.com
1325246537,Katherine Mendoza,wsmith@hotmail.com
4012952499,Vanessa Smith,hthornton@gmail.com
2712363974,Roberto Shannon,kingdustin@yahoo.com
40672906,Jacqueline Maxwell,adrian66@hotmail.com
3976152142,Tiffany Gamble,hthornton@gmail.com
2133886695,Christina Zamora,larry57@hotmail.com
705950908,Christopher Harris,roberthenderson@gmail.com
1012090693,Jacob Bray,dclayton@gmail.com
240774711,Laura Reed,gregorymarshall@yahoo.com
270539767,Ryan Lloyd,katherine43@gmail.com
2478779102,David Hall,george37@hotmail.com
718128538,Cassandra Bolton,aaron88@yahoo.com
3890846918,Amy Riley,rwagner@yahoo.com
1473090774,Jeffrey King,juanmiller@gmail.com
1062264093,Alyssa White DVM,patricia11@hotmail.com
1244264846,Lance Murphy,bmiles@yahoo.com
4251511410,Aaron Guzman DDS,bassjanice@gmail.com
47415456,Emily Lee,martinshawn@yahoo.com
3995738186,Stephanie Berry,lunatimothy@yahoo.com
3656991747,Charles Padilla,kathleensmith@gmail.com
501251744,Daniel Pope,barbarajackson@yahoo.com
2026108317,William Parker,morriskimberly@gmail.com
815025584,Michael Mcdowell,jennifer87@gmail.com
910918357,Charles Harrington,jlyons@yahoo.com
2759178807,Michael Haynes,angela05@yahoo.com
1177968291,Robert Ferguson,jacobsonmallory@gmail.com
1644823386,Richard Marshall,glloyd@yahoo.com
2923536434,Alice Roberson,ryanjohnson@yahoo.com
1840792917,Samantha Young,adrianadams@hotmail.com
3766336447,Kathleen Taylor,monique44@hotmail.com
3858442706,Calvin Miller,elizabeth14@gmail.com
1661808569,Ralph Robinson,jessicaherring@hotmail.com
3676769060,Carlos Maldonado,hthornton@gmail.com
3586913613,Daniel Graves,johnsonjennifer@yahoo.com
137474,Brian Ross,kathleen40@yahoo.com
3738460172,Mark Huerta,drakeana@hotmail.com
1035749579,Michael Lin,branchkenneth@hotmail.com
2727617447,Nancy Hoffman,alexanderellis@yahoo.com
3280749012,Micheal Smith,jeffery37@gmail.com
1458033908,Nathan Kelly II,nicholaswright@gmail.com
3605900455,Luis Flores,brandonyoung@gmail.com
865858170,Michelle Bird,dustinhowe@yahoo.com
761931424,David Kim,tmedina@hotmail.com
733862176,Amanda Ware,charles76@hotmail.com
860760854,Wendy Shannon,gonzalezjames@gmail.com
330504118,Rachel Lam,bensonnicole@gmail.com
3947305006,Jeremy Thompson,adkinsernest@yahoo.com
1068644177,Michael Pierce,pholloway@gmail.com
1293859629,Joy Fleming,bradleyjeffrey@gmail.com
349417964,Alexis Arellano,jrice@yahoo.com
3213602724,James Moss,gilbertvirginia@gmail.com
2297758452,Ashley Mcfarland,tony97@gmail.com
3014596364,Elizabeth Smith,robert94@yahoo.com
3351400147,Matthew Atkins,michael35@hotmail.com
463624575,Dominic Evans,williamswesley@gmail.com
547730527,Maria May,batesangela@yahoo.com
952643767,Robert Andrews,ambercampbell@gmail.com
1786147865,Deborah Guzman,sonia48@gmail.com
4191318692,Becky Warren,amanda36@yahoo.com
3846688923,Amy Guerra,khorton@hotmail.com
3878519555,Michael Rodriguez,martinmichael@yahoo.com
108367868,Judith Gonzalez,adam92@yahoo.com
1988241199,Sheri Elliott,obaird@yahoo.com
1666960333,Reginald Bailey,rebecca45@gmail.com
4227919146,Michael Lewis,gabriel24@yahoo.com
3517102561,Nicholas Fuentes,srodriguez@yahoo.com
3128585074,Manuel Chavez,robertpaul@yahoo.com
2282963322,Janet Rodriguez,pamelanorris@yahoo.com
747862502,Jerome Gomez,jennifer68@gmail.com
2753079802,Laura Anderson,morsejill@yahoo.com
3899958082,Erica Stafford PhD,dbaker@yahoo.com
3981845636,Alicia Gaines,kristina08@hotmail.com
3769742935,Christopher West,rjames@yahoo.com
824005502,James Moreno,hthornton@gmail.com
172715194,Sue Bradley,cgarcia@hotmail.com
3790201784,Jennifer Schwartz,martinwilliam@hotmail.com
1674586654,Zachary Sloan,zclark@hotmail.com
943591396,Mitchell Scott,alicia05@hotmail.com
1385367261,Jeremy Sloan,igarcia@hotmail.com
1309821165,Kimberly Bell,kburke@hotmail.com
1840468585,Mrs. Veronica Jenkins,wgriffith@gmail.com
362728357,Miss Heather Murray DDS,ihawkins@hotmail.com
3093826736,Shelley Chambers,steelestephanie@hotmail.com
2309217753,Jesse Allen,imontgomery@hotmail.com
461478196,Jennifer Watson,jessica25@gmail.com
592011693,Chelsea Mathews,darlenecarpenter@gmail.com
808966041,Judith Smith,mitchelladam@gmail.com
1717442327,Caitlin Watson,haroldedwards@hotmail.com
300121671,Linda Christensen,hthornton@gmail.com
2206459019,Matthew Horne,thomas25@hotmail.com
1298704230,Jennifer Goodman,bmatthews@hotmail.com
2230475307,Bill Higgins,wilkinsheather@yahoo.com
2520525502,Jason Lopez,dunnmelissa@hotmail.com
3875615268,Todd Myers,brandon75@yahoo.com
4019293599,Michael Spencer,stephenlynch@yahoo.com
2319813940,Karen Bishop,emilywilson@yahoo.com
2675594521,Matthew York,wpaul@yahoo.com
1062600184,Matthew Mcbride,paulkennedy@hotmail.com
351958788,Judith White,hthornton@gmail.com
1609855495,Misty Frederick,hartmatthew@hotmail.com
1033939555,David Harris,xdickerson@yahoo.com
1080386954,Charles Acosta,princekelli@yahoo.com
1371908474,William Clark,hcontreras@yahoo.com
3428162167,Brittany Vasquez,stewartcole@hotmail.com
1915331387,Christian Curry,michellecooper@gmail.com
2590423183,Abigail Johnson,ramirezandrew@yahoo.com
1184180930,Marisa Vargas,lambertjeffrey@gmail.com
2230785555,Melissa Mendez,kingheather@gmail.com
707670669,Pamela Hernandez,robert85@gmail.com
4165004039,Adam Sutton,veronica77@gmail.com
2548230086,Eric Gilmore,syates@hotmail.com
950993548,Susan Phillips,heidibullock@gmail.com
1139196435,Patrick Bailey,frederickmoore@yahoo.com
3593750663,Brandon Ware,xcurtis@hotmail.com
3692004779,Mark Graham,tinamedina@hotmail.com
2514101851,Lisa Gray,kscott@gmail.com
1690067099,Alec Mitchell,lorraine08@gmail.com
1027192880,Sarah Becker,shelley97@gmail.com
1799230483,Jessica Williamson,hdavis@yahoo.com
4249135551,Albert Jones,ymclaughlin@hotmail.com
1463103705,Joshua Simmons MD,ymoore@yahoo.com
538618190,Gary Thomas,juanharding@yahoo.com
3860671895,Matthew Harris,crawfordbrittany@hotmail.com
4158762834,Austin Coleman,fholland@yahoo.com
612653079,Erin Smith,thomasrobert@hotmail.com
2044644764,Nathan Henry,scott55@hotmail.com
2744511359,Stacy Chung,leslielowe@gmail.com
2043270897,Jasmine Nguyen,mhughes@hotmail.com
4191629435,Kevin Hernandez,amandahull@hotmail.com
690877375,Kevin Williams,jacksonkatherine@yahoo.com
521305551,Matthew Bautista,itaylor@gmail.com
120235077,Rachel Jordan,hamiltonjordan@hotmail.com
273177489,Jeffery Pacheco,hthornton@gmail.com
1731587250,Sarah Moreno,andrew47@hotmail.com
4182055215,Debra Martinez,hthornton@gmail.com
2103655106,Michael Terry,horneerin@gmail.com
1682621700,Shelley Howell,mayerkayla@hotmail.com
3729723397,Katherine Lutz,fmurray@hotmail.com
2879841308,Laura Jackson,matthewmartin@gmail.com
170396604,Matthew Mayo,wwatkins@yahoo.com
284220849,Paul Ferguson,charlessimpson@yahoo.com
1132574026,James Bean,martin85@hotmail.com
3834560702,Corey Burke,sanchezelizabeth@hotmail.com
1900884487,Michelle Wilson,eliu@hotmail.com
1013740464,Thomas Davis,nporter@yahoo.com
3139246209,Colton Jacobson,pittmaneric@yahoo.com
2650405863,Christopher Houston,oboyd@hotmail.com
2826166807,Courtney Lee,brandon72@yahoo.com
396193758,Jennifer Bell,aaron14@hotmail.com
324881319,Michele Wilson,jamesdavis@yahoo.com
1712219365,Daniel Williams,montgomerycalvin@hotmail.com
1043868793,Melissa Bell,nathan46@yahoo.com
2736476282,Christine Compton,teresamorris@gmail.com
2715136156,Paul Rojas,jeffrey93@gmail.com
22970542,James Stone,laramichael@gmail.com
3355452403,Calvin Phillips,noah99@yahoo.com
1953972779,Steven Russell,michael44@yahoo.com
2295642237,Tyler Moore,wayneanderson@hotmail.com
594270016,Shelia Calderon,davisjennifer@hotmail.com
935662898,Leslie Harrington,hallkathryn@hotmail.com
4235258128,James Hardy,petersonlauren@yahoo.com
1511988382,Hannah Ramirez,hthornton@gmail.com
576834013,Mark Graham MD,megan37@gmail.com
2527648794,Andrew Rivera,hthornton@gmail.com
3409516577,James Torres,hthornton@gmail.com
1831835582,Michelle Harmon,meghan50@gmail.com
2235606647,Andrew Green,annhahn@gmail.com
4247360236,Denise Lewis,nicole29@yahoo.com
2541785512,James Gonzales,xalvarez@gmail.com
782838063,Michelle Bailey,hthornton@gmail.com
3612239602,Joel Jackson,morsedalton@gmail.com
810876954,Hannah Garcia,lawsonlaurie@yahoo.com
2731075489,Karen Chan,toddpeter@gmail.com
429243805,Courtney Manning,wlove@hotmail.com
3770107667,Derek Nelson MD,sandovalcalvin@yahoo.com
528966960,Julie Hughes,xcruz@gmail.com
1093875408,Curtis Tran,hoffmanrobert@hotmail.com
3694009460,John Jones,melissa31@yahoo.com
847749750,David Powell,cookeamy@gmail.com
888072567,Douglas Yang,wolfestephen@yahoo.com
2037505479,Luis Robinson,patrickhenderson@hotmail.com
651963767,Martin Moore,littlemegan@yahoo.com
3941944726,Wayne White,maywilliam@yahoo.com
694011285,Jacob Ortiz,hthornton@gmail.com
3562257779,Cathy Pitts,elizabethmoore@hotmail.com
1045940498,Ana Sullivan,ecantrell@yahoo.com
2036279463,Ariana Holmes MD,brownsarah@yahoo.com
2095702436,Alicia Beck,larry58@gmail.com
259096187,Matthew Robles,wpitts@hotmail.com
1662960545,Ann Berger,ccampbell@hotmail.com
5056999,Marcus Schultz,leonardbryan@hotmail.com
10328928,Sandy Anderson,smithrodney@gmail.com
815657097,Johnathan Johnson,david98@hotmail.com
3816105144,Douglas Sullivan,gailgonzales@yahoo.com
3241152323,Sara Gordon,jessica27@yahoo.com
2005333787,Amy Smith,xstewart@hotmail.com
1227612756,Glenn Terry,gpatterson@yahoo.com
837391543,John Chambers,joshuamurphy@gmail.com
3943939050,Heather Nguyen,mhahn@hotmail.com
3393356450,Tiffany Hubbard,garygonzalez@gmail.com
3608203595,Morgan Gomez,reedcatherine@hotmail.com
57153746,Sydney Glover,padillacarrie@gmail.com
1002872423,Bryan Hudson,davidwagner@gmail.com
4212452576,Alyssa Miller,acisneros@gmail.com
1275920742,Brittany Dillon,tylermichael@gmail.com
3825319263,Tamara Burke,hthornton@gmail.com
998513775,Brittany Cole,ryanmiller@hotmail.com
2916476587,Rachel Pruitt DDS,campbellkaitlyn@gmail.com
2998884070,April Lindsey,ibush@hotmail.com
4016792943,Olivia Reynolds,hthornton@gmail.com
385254860,Robert Johnson,deanna81@gmail.com
854375025,Stuart Evans,louissmith@yahoo.com
4132653670,Phillip Valentine,beardpatricia@yahoo.com
2978383800,Raymond Black,wangleonard@hotmail.com
571731088,Ronald Park,margaretfernandez@gmail.com
3223299213,Nancy Fernandez DDS,michaelshea@hotmail.com
3347535218,Kevin Alvarado,melissafrazier@hotmail.com
784229663,Mr. Matthew Francis,poneill@yahoo.com
199456474,Javier Hays,jacksonsteven@gmail.com
454800806,James Wagner,xavier85@hotmail.com
2591087449,Alexandra Dixon,david48@yahoo.com
2056297353,Sandra Tran,hthornton@gmail.com
2266032829,Matthew Evans,prattrobin@hotmail.com
1147286004,Rebecca Gonzalez,wgriffin@hotmail.com
3652875676,Sean Downs,heatherjones@yahoo.com
679056097,Erin Bauer,julie11@hotmail.com
3372184581,Peter Mathews,timothy74@gmail.com
2862187862,Julie Walker,shawjeffery@gmail.com
3690175222,Gabriel Krause,jose65@gmail.com
2456871175,Jacob Kirk,mshaffer@gmail.com
1597622485,Beverly Sweeney,qgraham@hotmail.com
3255550082,Sean English,sarah96@gmail.com
1612031321,Emily Chapman,jameslucas@gmail.com
379829742,Katherine Harris,morgankaren@gmail.com
2289036175,Gary Weaver,miguelgutierrez@yahoo.com
1098415687,Christopher Wallace,alicia22@hotmail.com
391540241,Melissa Ford MD,jenniferlawrence@yahoo.com
3033314033,David Smith,rsimmons@hotmail.com
1990750016,Steve Hendrix,john72@yahoo.com
2688570004,Edward Smith,david45@hotmail.com
1868458474,Andrew Wagner,wadedevin@gmail.com
2454528384,Allison Mcgrath,rflores@yahoo.com
909517904,Guy Munoz,davismonique@gmail.com
403018657,Joseph Farrell,cburns@gmail.com
2329090067,Veronica Montgomery,virginiahoover@hotmail.com
3570499326,Rachel Wagner,richard35@hotmail.com
3695372003,Sharon Davis,wilsondavid@hotmail.com
1018030035,Michael Hansen,michaelramirez@gmail.com
2609068310,Mr. Marcus Miller,loriperry@hotmail.com
1646326974,Janet Oneill,shannonmartinez@gmail.com
1754666196,Grant Mercer,pamela79@gmail.com
2135935510,Duane Garcia,travis42@yahoo.com
2721263382,Hannah Cabrera,lauren15@gmail.com
1942987800,Karen Brown,chad36@gmail.com
1119232134,Christopher Little,ureilly@yahoo.com
3062395616,Beth Hanna,kellyemma@gmail.com
3093412377,Joseph Rice DVM,gsmith@gmail.com
2128824578,Trevor Palmer,chanjanet@yahoo.com
3839802348,Mr. Raymond Hall,khudson@hotmail.com
2527019513,Sean Hughes,hthornton@gmail.com
4124692375,Sarah Parsons,christina41@yahoo.com
2731525515,Stephanie Key,janet42@gmail.com
3437883019,Emily Evans,robert08@yahoo.com
2931805715,Margaret Hernandez,josephmatthew@hotmail.com
783884684,Michael Perry,kevinsherman@hotmail.com
2596858508,Adam Solis,hdaniel@yahoo.com
2942969490,Sandra Bennett,qtucker@hotmail.com
2246657389,Mark Barrett,ronaldolson@yahoo.com
2871239157,Miguel Wheeler,kristina48@yahoo.com
4116836732,Matthew Crawford,hansendanielle@hotmail.com
4121543470,Crystal Parsons,travismorrison@gmail.com
630183024,Abigail Miller,psanchez@hotmail.com
2646827413,Leah Gonzalez,jeffreyvelasquez@gmail.com
2611116327,Crystal Adams,patricia41@hotmail.com
1612969147,Brandon Perez,pauldaniel@hotmail.com
1890518934,Karla Wolf,paulryan@hotmail.com
1749029114,Doris White,barreracharles@gmail.com
2418739483,Robin Smith,victor59@gmail.com
3050679141,Ellen Krause,powerssheila@hotmail.com
1910089852,Joseph Holmes,jbradshaw@gmail.com
905523409,Vanessa Jackson,logandawn@hotmail.com
4110405430,Michael Washington,fcarson@hotmail.com
2084769142,Christopher Stevens,mosestimothy@hotmail.com
682492554,Lynn Green DVM,angela57@gmail.com
3768204983,Kathy Curry,stevenmolina@gmail.com
1361234507,Jennifer Mccann,christina95@hotmail.com
3798823227,Amy Reed,macdonaldjason@yahoo.com
1584100901,Joshua Gonzalez,dana79@yahoo.com
4220603597,Julie Rhodes,kathryn78@yahoo.com
145612096,Mallory Gonzalez,jennifer47@gmail.com
2096147748,William Rocha,kristinaharvey@gmail.com
3736810578,Donna Ward,kennethallen@hotmail.com
2108171793,Denise Kemp,victoria44@yahoo.com
760654338,Heather Mullins,taylor66@yahoo.com
1041444194,Robert Day,elizabethbrown@gmail.com
3082883693,Sean Lindsey,cedwards@hotmail.com
3423099549,Amy Taylor,todd92@gmail.com
1334865518,Ashley Gonzalez,richard77@gmail.com
1055690830,Vicki Austin,scottrichmond@yahoo.com
1971751524,Elizabeth Byrd,melissasmith@yahoo.com
1597292428,Kimberly Harris,mathewsjames@hotmail.com
1183573659,Monica Luna,cruzdaniel@gmail.com
75443200,Garrett Mcguire,james07@hotmail.com
753507420,Cody Dorsey,lhill@yahoo.com
3154843197,Melanie Barnes,martinezbrandy@hotmail.com
1592675168,Jerry Hansen,danielrandall@yahoo.com
3576749528,Lindsay Harris,bmcdonald@hotmail.com
2538439734,Dominic Cooper,andersonlisa@yahoo.com
3491107725,Kimberly Green,hdeleon@yahoo.com
4217081533,Phillip Bishop,smithstacey@hotmail.com
516869461,Matthew Neal,pattersonwhitney@gmail.com
2706473037,Kari Martin,blucas@yahoo.com
3865248775,Joseph Richardson,stephanieherrera@hotmail.com
2202491860,Whitney Glover,hthornton@gmail.com
2903351193,Michael Santos,ralph84@yahoo.com
3952089821,Thomas Lynch,wileymichael@gmail.com
3163324156,Nicole Carlson,fmiranda@gmail.com
776050417,Douglas Cook,afleming@yahoo.com
3750308257,Melvin Charles,rturner@gmail.com
3770676049,Teresa Chavez,ruthjones@hotmail.com
4173460531,David Murillo,toddlee@hotmail.com
4077909495,Jared Lee,james15@yahoo.com
3274128050,Janice Flynn,hthornton@gmail.com
272657589,Samantha Campbell,denisebrown@yahoo.com
1939832680,Jessica Walker,hthornton@gmail.com
1721951585,Denise Perez,joanmathis@hotmail.com
1978254441,Joseph Good,llee@hotmail.com
4101038062,Jamie Johnson,davidross@yahoo.com
2705771433,Dawn Ramirez,bbaker@gmail.com
4093434470,Michael Clark,emilywalters@gmail.com
502725076,Dennis Moody,xgreen@yahoo.com
4285907292,Brittany Harrison,patrickstanley@hotmail.com
2848418151,Lori Austin,sandybowers@hotmail.com
2571399658,Travis Hunter,wolfediana@gmail.com
285189098,Courtney Walker,patelaaron@yahoo.com
3037216277,Jasmine Roberts,stewarttimothy@yahoo.com
1468873499,Felicia Fuller,katie55@yahoo.com
2833094684,Lance Kelly,browndavid@hotmail.com
2479488668,Scott Lester,hernandezcarla@gmail.com
1226579269,Sandra Carlson,jonesmichael@yahoo.com
377601632,Lisa Simpson,smithandrew@hotmail.com
226703170,Pamela Williams,etaylor@yahoo.com
565634976,Samuel Snow,qboyle@hotmail.com
3206462487,Christopher Harris,alvaradojared@yahoo.com
3583261729,Emily Ramos,nicolegeorge@yahoo.com
983995853,Gabrielle Schaefer,carolthompson@gmail.com
88244559,Rhonda Brown,matthew27@yahoo.com
859725297,Stacy Sampson,cdixon@hotmail.com
895197870,Brenda Nicholson,proberson@yahoo.com
1864884377,Brittany Vargas,diane62@yahoo.com
2519204229,Carol Garcia,ashley32@yahoo.com
451479833,Candice Mendoza,ubrown@yahoo.com
2633087957,Jeremiah Davidson,revans@yahoo.com
2927813637,Jason Anderson,fernandezjeffrey@hotmail.com
4168843669,Thomas Burch,lucasderrick@yahoo.com
3328377869,Jason Solis,eortiz@yahoo.com
3856624610,Christopher Whitaker,vluna@gmail.com
736956113,Brett Barker,hthornton@gmail.com
3961760719,Jody Jones,johnsonkim@hotmail.com
1016484646,Kathleen Aguirre,ashleyenglish@gmail.com
4201676947,Justin Ferguson,hthornton@gmail.com
2587791256,Joseph Delgado,justinmurphy@yahoo.com
1859931639,Tiffany Hernandez,jillwilson@yahoo.com
3493598597,Gregory Green,robert63@gmail.com
2120342846,William Lopez,allisondavis@hotmail.com
1964090270,Kristina Russell,abigailgibson@yahoo.com
2132194666,Jason Davis,albertmartin@gmail.com
2847257197,Ryan Wolf,samantha38@hotmail.com
3238332892,Angela Wade,stephen76@gmail.com
631265182,Andrea Ayala,zbowers@hotmail.com
1353811882,Eric Dean,matthewsharp@yahoo.com
1331718747,Lori Jackson,nmorris@yahoo.com
3952965669,Eric Blake,bmoore@yahoo.com
3448990061,Tara Williams,vmoore@hotmail.com
3240985448,Brett Fields,mpowers@hotmail.com
4210589065,Diana Smith,qmartin@gmail.com
3623370339,Sophia Moon,myerskelly@hotmail.com
669223419,Paul Allen,qbenjamin@gmail.com
964391021,Timothy Bartlett,dianeerickson@hotmail.com
1338507208,Bradley Knox,gramirez@hotmail.com
814468066,Devin Clark,jenkinsmichael@yahoo.com
3270532914,Kenneth Knight,michael63@yahoo.com
4239154993,Courtney Gray,lutzmiguel@hotmail.com
2718513020,Daniel Miller,nwilliams@yahoo.com
2458172390,Cynthia Kelly,jesus85@yahoo.com
1368708970,Brittany White,gstout@hotmail.com
3878921873,John Garza,sarahromero@hotmail.com
2252457719,Alyssa Rodriguez,leachsusan@yahoo.com
1116147024,Destiny Bennett,zbeard@yahoo.com
3911969755,Jonathan Pineda,dawnreed@hotmail.com
3775380344,Lori Phelps,rogersanthony@hotmail.com
3034942247,Brenda Patterson,dmorgan@gmail.com
2720401032,Robert Walker,william22@hotmail.com
1312255914,Sean Floyd,meganrich@hotmail.com
2635083103,Jennifer Davis,donnamclaughlin@yahoo.com
2955043535,Lindsay Ortiz,fbradley@yahoo.com
3581547206,Cindy Reyes,hthornton@gmail.com
1428626941,Breanna Castro,michelleoneal@hotmail.com
4274910063,Daniel Werner,angelica25@gmail.com
2485754726,Samantha Fisher,timothy46@gmail.com
3522918063,Steven Bush,richard40@gmail.com
2414463145,Mary Ruiz,perezdebra@yahoo.com
1051206001,Francisco Pierce,paulford@hotmail.com
3274743749,Nicholas Olson,michelleweaver@yahoo.com
2668270479,Mary Smith,lynchchristopher@gmail.com
2892165073,Jesse Lam,rachel93@hotmail.com
1096687669,Kathryn Salinas,tsmith@hotmail.com
3116627871,Veronica Watts,adamskatherine@hotmail.com
2607043618,Tasha Cross,breweramy@yahoo.com
2300676073,Ashley Carter,madisongordon@gmail.com
1934176713,Pamela Elliott,laurapierce@hotmail.com
1475043415,Kimberly Parker,charleshaynes@gmail.com
1598792968,Carmen Mccormick,lisapadilla@gmail.com
3696375686,Dawn Gonzalez,livingstonwilliam@yahoo.com
46433834,Phillip Campbell,gparks@yahoo.com
370705734,Brandi Peterson,barbarastewart@hotmail.com
3256792637,Michael Robinson,john02@hotmail.com
77816863,Charles Henson,jason81@yahoo.com
487665146,Johnny Mahoney,hthornton@gmail.com
1303874801,Kaitlyn Ramos,johnsonjoseph@gmail.com
1245077218,Michael Burns,hernandezlisa@gmail.com
3657613427,Andrew Morgan,mariamcdaniel@gmail.com
135636454,Gregory Jones,parkerroger@hotmail.com
2543705192,Ronald Watson,wreese@hotmail.com
749372618,Javier Clayton,hthornton@gmail.com
2061179886,Mr. Mario Jones,ramireznicholas@yahoo.com
4040584193,Eric Horton,deanevans@hotmail.com
4011892310,Melinda Baker,leetammy@yahoo.com
2898908394,Matthew Vega,deborahsantiago@hotmail.com
2077003097,Shane Nelson,eduardo34@gmail.com
4218342211,Nicholas White,chavezrhonda@yahoo.com
2357470559,Melinda Wheeler,parkstina@hotmail.com
3352244458,Jose Watkins,sara15@yahoo.com
3990912416,Holly Vang,nicole64@hotmail.com
3388880903,Alyssa Wolfe,glopez@gmail.com
1034151597,Angelica Roberson,zjohnson@gmail.com
1268143859,Danielle Giles,williamjames@yahoo.com
97329162,Benjamin Long,michaelshepherd@gmail.com
1020733612,Joseph Bradshaw,hthornton@gmail.com
4057120663,Raymond Smith,hthornton@gmail.com
509390311,Charles Castaneda,ryan71@yahoo.com
1218196505,Lisa Hamilton,xchambers@hotmail.com
2353566003,Dennis Martinez,mackmichael@hotmail.com
3529155627,Christopher Nelson,nacevedo@hotmail.com
2404285731,Jill Stanley,gthompson@yahoo.com
3439617295,Matthew Mitchell,sheilariley@yahoo.com
571968373,Malik Jennings,ujackson@gmail.com
4218689944,Tara Cruz,newmanmariah@hotmail.com
2136133298,Samantha Harris,nicholasward@hotmail.com
1293641433,Adam Garner,paulbrown@gmail.com
4190566590,Adam Williams,christophercarroll@yahoo.com
3872465541,Lisa Oneill,qhoffman@yahoo.com
1141641336,Larry Moore,shannoncarpenter@yahoo.com
561121734,Denise Pham,anolan@yahoo.com
3544424504,Norma Hall,lisawhite@hotmail.com
3434480665,Rebecca Garcia,jill46@hotmail.com
2999602844,Kyle Thomas,hughesmathew@gmail.com
1071179570,Barbara Riley,mmorgan@yahoo.com
2843123541,Luis Daniels,dyerjennifer@yahoo.com
415160094,Alyssa Spencer,ellismichael@yahoo.com
898198241,Makayla Davis,seth18@gmail.com
973353391,Diane Cantu,jessica11@yahoo.com
127548545,Kim Steele,john79@hotmail.com
2242940896,Connor Davies,jessica18@hotmail.com
722898804,Kathleen Torres,ugallegos@yahoo.com
394598499,Katherine Zavala,wliu@yahoo.com
1674168800,Sarah Barrett,mark98@gmail.com
1239996782,Renee Murphy,derekriddle@gmail.com
1243532925,Nicole Beard,andrew84@yahoo.com
1752051169,Ana Green,ccontreras@gmail.com
2869870774,William Hampton,hthornton@gmail.com
1885095399,Rachel Davis,jeremytran@yahoo.com
3721844823,Troy Mills,justin49@hotmail.com
3455028264,Christopher Lopez,baileychoi@hotmail.com
3799131823,David Cook,hernandezamber@gmail.com
1534078978,Scott Monroe MD,nguyenjohn@hotmail.com
1571265574,Stephen Rodriguez,donaldbrown@gmail.com
2574308222,Mark Holland,sheena54@hotmail.com
113576901,Richard Green,xodonnell@yahoo.com
1596693063,Andrea Sanchez,elizabeth89@gmail.com
637013059,Tracy Burns,shane71@yahoo.com
3661955626,Alyssa Perez DDS,jessica19@hotmail.com
1153028847,Mary Berry,yibarra@yahoo.com
3682126069,Amanda Brown,hannahwatson@hotmail.com
2757826492,Edwin Fuentes,zbarnett@hotmail.com
2605280200,Evan Reynolds,erica35@gmail.com
3294920358,Robert Ferrell,christy69@gmail.com
2642706909,Michael Tran,john91@yahoo.com
2985185323,Caleb Matthews,vanessaberry@hotmail.com
4282779960,Justin Bates,savagemichael@gmail.com
2011231691,Nicholas Rodriguez,hthornton@gmail.com
854886540,Melissa Robinson,hudsonchristopher@hotmail.com
3756627323,Christina Day,carrollcarolyn@gmail.com
2502096420,Lisa Sanders,gilbertsanchez@hotmail.com
2223647113,Keith Webster,lee15@gmail.com
1755881650,Marcus Carroll,megangray@hotmail.com
1560033293,Keith Pena,emily98@hotmail.com
1428394310,Sarah Christensen MD,johnsonmichael@yahoo.com
2029471128,Luis Palmer,grosslynn@gmail.com
2783579865,Patricia Curtis,amyhenderson@hotmail.com
1586619109,Erica Oneal,warnertimothy@yahoo.com
3018785094,Erin Woods,johnstonjackie@yahoo.com
2162788196,Stacy Cruz,nathanthompson@yahoo.com
2113230036,Holly Herrera,schmidtlaura@gmail.com
2026995195,Jordan Watson,austinmullen@yahoo.com
3521653636,Kevin Griffith,vpotter@gmail.com
2944124831,Lisa Williams,yflynn@yahoo.com
3069532277,Michael Hill,jyoung@yahoo.com
4059697680,Tyler Shepard,lperez@gmail.com
4105466481,Nicholas Ramos,robertgonzalez@yahoo.com
2435314689,Heather Turner,kingmichael@gmail.com
330837268,Anthony Lopez,nathanpotter@gmail.com
365729670,Michael Frye,janet34@gmail.com
550145500,John Mccarty,sotosara@gmail.com
4201824229,Russell Simmons,hthornton@gmail.com
2424504432,Jade Gonzalez,uroman@gmail.com
2190370386,Daniel Donovan Jr.,chris61@hotmail.com
3070493646,Kenneth Scott,angela76@hotmail.com
4186098278,Janice Wilson,nhall@yahoo.com
2736858677,Kayla Peck,vanessathompson@hotmail.com
1704562464,James Olsen,nguyenderek@hotmail.com
1843435688,Karen Holder,sarahpayne@gmail.com
897194212,James Hernandez,jack65@gmail.com
4046071224,Joe Jenkins,colemanjeffrey@yahoo.com
2877583383,Daniel Miller,tinamorris@gmail.com
800700219,Katherine Rodriguez,zacharythomas@gmail.com
2484404329,Jesus Davis,hthornton@gmail.com
1043624852,Dennis Rodriguez,ochoachelsea@hotmail.com
4008000826,Gloria Schultz,chelsea39@gmail.com
398578482,Latoya Norton DDS,vwilson@yahoo.com
2005436520,Jeff Coleman,joshuajones@hotmail.com
2431828861,Michael Arnold,daniel64@yahoo.com
489043808,Benjamin Daniels,ortizdaniel@gmail.com
1138752140,Brent Garcia,petersonkevin@hotmail.com
1203083228,Matthew Heath,antoniohoward@gmail.com
3606362471,Alex Anderson,jonesdenise@yahoo.com
3356458278,Michelle Graham DVM,richardsonjohn@gmail.com
3147581774,Alison Taylor,williamsjohn@yahoo.com
1878516643,Alison Smith,amoore@yahoo.com
2231415035,Alyssa Young,aaron60@gmail.com
4220076220,Greg Collins,icampos@gmail.com
3862479963,Steven Taylor,davidjason@hotmail.com
338201737,Daniel Woods,hthornton@gmail.com
1771916917,Olivia Davidson,johnthompson@gmail.com
4084196361,Lindsay Walter,tammypeterson@yahoo.com
3528726646,Margaret Jackson DVM,paul65@gmail.com
3155082700,Frank Boone,chelseadelgado@hotmail.com
965736803,David Morales,collinstony@yahoo.com
3608115857,Anna Parks,tmiller@hotmail.com
879574720,Amanda Perez,lijuan@hotmail.com
2447100740,Edwin Rodriguez,nelsonjohn@hotmail.com
180350519,Michael Navarro,lmartin@hotmail.com
4110224043,Aaron Thompson,jessicaclayton@hotmail.com
4082439495,Kelly Bowen,bcooper@yahoo.com
3755887837,Robert Hamilton,nancyprice@hotmail.com
1917741184,Laura Peterson,reidheather@gmail.com
2628875568,Scott Vargas,cooknicole@hotmail.com
3716682059,Anthony Carlson,douglaswilliams@gmail.com
1766426708,Heather Smith,clarence41@yahoo.com
2326901845,Michael Austin,cody07@yahoo.com
2630472687,Austin Willis,usnyder@hotmail.com
2513968193,David Mckee,nboyle@gmail.com
4145718486,James Thomas,cmatthews@hotmail.com
799305798,Brian Schultz,dickersonbrittany@hotmail.com
2296488988,Curtis Tanner,sheltonrebecca@hotmail.com
4284226200,Adam Warren,tinawilliams@yahoo.com
2095122662,Maria Romero,darren40@yahoo.com
361946534,John Young,hthornton@gmail.com
3937500382,Brenda Gibson,nancy87@hotmail.com
1006208276,Mr. Michael Robinson,vsmith@gmail.com
139240380,Robert Calderon,martinezpamela@gmail.com
2767477915,John Brown,hwade@yahoo.com
654047218,James Jacobs,sdaniels@yahoo.com
3632237657,William Casey,dianebutler@yahoo.com
2150199343,Barbara Scott,michael91@yahoo.com
163554767,Tiffany Olsen,garzamaria@gmail.com
491491429,Steven Perez,christina99@hotmail.com
2429016597,Bradley Villanueva,martinezsamantha@hotmail.com
2664623343,Gabriel Parker,kellypeterson@yahoo.com
1340215513,Cheryl Neal,mitchellwilliam@gmail.com
131576340,James Cisneros,zlopez@gmail.com
1758534899,Erica Cruz,lindawilliams@hotmail.com
1106933541,Rachel Rose,andrew88@hotmail.com
4189439928,Cathy Pitts,gordonlisa@hotmail.com
3429141837,Michael Roberts,swilliams@hotmail.com
1531262414,Patrick James,megan23@gmail.com
1706314139,Andre Dunlap,kylemccormick@gmail.com
1693696253,Eric Rich,youngpaul@gmail.com
1774987419,William Mcmahon,rcarlson@hotmail.com
657074022,Mary Martin,wallacescott@gmail.com
891472629,Daniel Jackson,ashleydavis@gmail.com
3107427407,Carly Mendez,katrina27@yahoo.com
537735350,Dustin Morales,heidi75@gmail.com
268772132,Travis Perry,fordjohnathan@gmail.com
1020890788,Leslie Maddox,kristenholder@gmail.com
3982118547,John King,stephaniegraham@hotmail.com
3412494230,Amy Everett,lauren29@gmail.com
2826057944,Ronald Drake,charles68@yahoo.com
1340266977,Brittney Kline PhD,valenzuelavictoria@gmail.com
2775449900,Jon Brown,gregorybell@yahoo.com
3522691398,Susan Hall,brooketerry@hotmail.com
1693726295,Lori Gordon,mthompson@hotmail.com
3168868254,William Hurley,hthornton@gmail.com
929887172,Debra Koch,thomas37@gmail.com
1497136116,Julie Lowe,chardy@yahoo.com
4100233964,Todd Haynes,lacey47@yahoo.com
1898481110,Emily Gonzalez,nschwartz@gmail.com
4252700833,Savannah Tran,twatts@hotmail.com
3166397772,Jonathan Conner,iangonzales@hotmail.com
3739841918,Douglas Smith,mnichols@hotmail.com
1161226282,Gina Torres,rparsons@gmail.com
3087291463,Michael Ramos,sean55@gmail.com
2884444179,Gerald Hernandez,mitchellsavage@hotmail.com
3930868931,Cheryl Patrick,vincentskinner@hotmail.com
1620884212,Travis Booth,careymiguel@gmail.com
1616948093,Richard Williams,katelyn66@gmail.com
4009590680,Benjamin Copeland,lauraerickson@yahoo.com
2085838265,Stephanie Walker,arodriguez@gmail.com
4114407223,Brandon Cabrera,jamescamacho@gmail.com
3779558896,Natalie Williams,james05@yahoo.com
444950680,Karen Gibbs,hthornton@gmail.com
3170137350,Richard Sullivan,hthornton@gmail.com
985054901,Rachel Jenkins,graydavid@hotmail.com
2062386660,Stephanie Mcknight,shieldscarrie@gmail.com
1029990760,Kelly Walker,wburns@hotmail.com
1857524215,Gina Carter,bwells@gmail.com
2484761561,Michelle Bryant,kbird@gmail.com
2200829717,Joseph Tucker,rramirez@hotmail.com
1407002363,Peter Smith,michael62@gmail.com
1843250811,John Pierce,fmclaughlin@gmail.com
3862716682,Timothy Alvarez,jorge25@hotmail.com
1724667440,Aaron Powell,raymeagan@hotmail.com
1748279944,Anita Williamson,dawn07@gmail.com
1293883625,Catherine Calhoun,nrivas@hotmail.com
1916488658,Blake Macias,tracimoreno@yahoo.com
3638898064,Dawn Dillon DVM,wilsonjenna@yahoo.com
863410702,Karen Herrera,hinesjean@hotmail.com
1170619375,Brittney Soto,amanda87@gmail.com
2484989792,Kiara Perez,idougherty@gmail.com
2744306284,Chad Kim,lopezdonald@gmail.com
669737311,George Bryant,alexanderalexander@gmail.com
3104952287,Robert Conrad,samuelevans@gmail.com
716902525,Sonya Smith,juliecarroll@gmail.com
3754797245,Mary Martin,ichavez@yahoo.com
3132397027,Sara Ruiz,penakristine@gmail.com
3811756540,Logan Walters,laurastephens@hotmail.com
2519489767,Erin Irwin,lucasjason@gmail.com
1034165845,Joshua Powers,julie16@gmail.com
1968973435,Lindsay Mueller,brandon86@gmail.com
3443581774,Traci Garcia DDS,hthornton@gmail.com
2700479653,Sandra Graham,zcook@gmail.com
2182756408,Stephanie Bell,xlewis@yahoo.com
2343620176,Mr. Jeffrey Bray DVM,luis16@yahoo.com
2556969118,Christopher Rose,jessica38@gmail.com
1912374313,Sean Nichols,fergusonmelanie@yahoo.com
3024744926,Dustin Young,klewis@yahoo.com
3720966174,Stephanie Armstrong,montoyajustin@gmail.com
1995542686,Cynthia Hale,jcooper@hotmail.com
820118352,Deborah Garcia,jeffrey41@gmail.com
2102382357,Robert Tran,marcuscastaneda@yahoo.com
3338148254,Charles Gardner,brandontucker@gmail.com
3639114315,Charles Dean,benjaminlee@hotmail.com
377457905,Helen Young,marilynwilliams@yahoo.com
4017813199,Ariel Perry,heather60@hotmail.com
3136881490,Kimberly Barnes,ynelson@yahoo.com
1674677081,Anna Tyler,tonyawilliams@gmail.com
1089067650,Vicki Robles,idiaz@yahoo.com
1051250187,Stephen Martin,tduarte@hotmail.com
3367891796,Nancy Fuller,alexandra34@hotmail.com
3298639306,Andrew Mcgrath,blowery@hotmail.com
1482044640,Troy Farrell,paulaustin@gmail.com
2420714688,Rachel Wilson,robert56@gmail.com
609248841,Timothy Floyd,hthornton@gmail.com
3549836721,Deborah Greene,oatkins@hotmail.com
3886570754,Patricia Sanchez,sonya21@hotmail.com
4016684226,Glenn Oneal,darryl64@yahoo.com
3277694212,Michael Burton,njohnson@gmail.com
1347677888,Janet Booth,petersjohn@yahoo.com
1631122764,Alan Barnett,johnsonwilliam@hotmail.com
2716909534,Lori Johnson,tpowell@yahoo.com
270139061,David Pitts,smithfrank@yahoo.com
3648965087,Cassandra Lawrence,odonnelllinda@yahoo.com
3563186630,Amy Ross,andersonbeth@hotmail.com
2359770070,Cody Johnson,ericbradshaw@gmail.com
3634103773,Richard Wheeler,timothyespinoza@yahoo.com
4206005837,Jerome Miller,kenneth77@hotmail.com
2548558002,Yolanda White,nthomas@hotmail.com
980829422,Holly Rodriguez,lesliehill@yahoo.com
1821147684,Frank Lopez,pennyesparza@gmail.com
1206879741,Cheryl Martinez,ashleyramsey@yahoo.com
3369592475,Sharon Rojas,cdaniels@yahoo.com
2491235857,Sandra Hickman,zacharysantana@hotmail.com
3999411814,Mary Villarreal,uhensley@hotmail.com
1278851903,Samantha Stephens,paigeosborne@hotmail.com
1697728523,David Holmes,raymondlewis@gmail.com
3587215194,Jeff Molina,holly39@gmail.com
567204037,Phillip Lowery,leamanda@gmail.com
2024519695,Michael Hicks,chloe73@gmail.com
1161027054,Brandon Jensen,sierrapierce@hotmail.com
3143034207,Rebecca Montgomery,xallen@hotmail.com
1150172769,Michele Lawson,mcclurematthew@gmail.com
2069912445,Oscar Glover,leah43@hotmail.com
2838460342,Alyssa Taylor,stacey32@hotmail.com
196051337,Stephanie Miller,debrastark@gmail.com
4073411327,Shelly Beck,speters@yahoo.com
2871052462,Scott Henderson,allenjose@gmail.com
3111177329,John Webster,rmoore@hotmail.com
3205012782,Nicholas Garcia,mannchristopher@gmail.com
2406823558,Miss Rhonda Brewer,mcervantes@yahoo.com
1712507432,Michael Ryan,james23@yahoo.com
2230322685,Kristen Johnson,nicole72@hotmail.com
3561641487,Sherry Castro,ramosjeffrey@gmail.com
599244954,Jasmine Hunt,huffamy@yahoo.com
4085344534,Jason Miller,vramos@hotmail.com
1262591802,Kevin Bray,thomas41@hotmail.com
207001724,Thomas Bautista,nhowell@gmail.com
693850807,Amanda Dawson,tchapman@yahoo.com
4006397395,Stephanie Jackson,nfuentes@yahoo.com
582845269,Barbara Perry,susan34@hotmail.com
3906151653,Stephanie Greene,cheath@gmail.com
2976005913,Jennifer Woods,david98@hotmail.com
3461438765,Carlos Lopez,anita74@gmail.com
3333370307,Valerie Carlson,brittany74@gmail.com
2255486886,Steven Cross,matthew60@gmail.com
1443279734,William Bradford,jonathananderson@hotmail.com
259440764,Laurie Powers MD,frankmcdonald@hotmail.com
3005414525,Kayla Davis,lindsay93@gmail.com
2587935851,Diana Ward,aaronmorales@hotmail.com
2685149883,Lisa Smith,awalker@gmail.com
1437444299,Anthony Harris,williamjohnson@yahoo.com
2495751585,Angela Flores DDS,wheelermonica@gmail.com
3398996388,David Cuevas,jprice@hotmail.com
3693123331,Jessica Miranda,bentonjames@gmail.com
1658504474,Donna White,rossjason@yahoo.com
2388883944,Kevin Vincent,cassandralee@yahoo.com
2560965573,John Cross,danielwendy@gmail.com
1922721195,Jose Boone,johnsongregory@yahoo.com
2298792131,Michael Strickland,ffisher@hotmail.com
3712239129,Danny Smith,kmorrison@yahoo.com
2396286585,William Matthews,sharon16@hotmail.com
142065296,Jennifer Martinez,hthornton@gmail.com
224848250,Mark Ross,jessicaadams@yahoo.com
3486864948,James Acosta,fyang@hotmail.com
3286525752,David Leach,mroberson@gmail.com
1406541046,Ann Cunningham,steven75@gmail.com
1252353203,Monica Hernandez,william06@gmail.com
757587320,Amanda Baker,pruittmary@gmail.com
2800210028,Susan Garcia,hthornton@gmail.com
2774516022,Caleb Mitchell,hthornton@gmail.com
2551444710,Bryan Smith,marshallandrew@gmail.com
4130966980,Thomas Jackson,maria12@hotmail.com
3244025982,Ryan Brown,salinasricardo@yahoo.com
2206839560,David Banks,lisakim@gmail.com
1568128564,Audrey Steele,walldavid@gmail.com
95203396,Kathryn Holt,michael46@gmail.com
1225435921,Brenda Manning,melissa68@yahoo.com
683514011,Daniel Skinner,kathleenclark@gmail.com
37825252,Laura Wiley,hthornton@gmail.com
595443454,Andrew Garcia,williamford@hotmail.com
4076731729,Kathleen Dickerson,cheryl64@hotmail.com
1501821987,Shawn Smith,jaclyn62@gmail.com
1992634195,Dorothy Robbins,veronicataylor@hotmail.com
3399884812,Crystal Gray,sheilaflynn@yahoo.com
1854544927,David Holt,dkidd@hotmail.com
4067047617,Tara Jackson,lindseykimberly@yahoo.com
2089915587,Brenda Brown,edwardbauer@gmail.com
892876248,Stacy Henderson DDS,bsanchez@gmail.com
3550992662,Sabrina Jones,alyssa26@yahoo.com
3165540894,Seth Lopez,joseph99@hotmail.com
310989752,James Silva MD,hthornton@gmail.com
937396712,John Powers,kimberly82@yahoo.com
3244432362,Carla Crawford,bperez@yahoo.com
500490611,Joel Wallace,pcosta@gmail.com
1670280241,Nicole Howard,hthornton@gmail.com
2716432676,Jay Patterson,laurastewart@gmail.com
3306281329,Shannon Gonzalez,sgreen@hotmail.com
613189109,Mason Robinson,nancy09@yahoo.com
2561871820,Jill Burns,dustin73@yahoo.com
3584908190,Mia Hunt,ncarpenter@gmail.com
817603131,Anne Davis,alexandrabrown@gmail.com
426657897,Kristen Sims,bullockpamela@yahoo.com
2287237858,Austin Mullins,jamie29@gmail.com
99357932,Edwin Hanna,fosterdustin@yahoo.com
3663804352,Edward Frye,hthornton@gmail.com
582572094,Veronica Christian,rserrano@gmail.com
540109086,Christine Murphy,lruiz@gmail.com
708038431,Andrew Rivera,hthornton@gmail.com
2552139757,Michael Bennett,justinallen@gmail.com
614576209,Frank Hill,emily33@hotmail.com
3635884136,Angela Wilson,yolandacrane@hotmail.com
2900877503,Julia Reynolds,yspencer@hotmail.com
3955313613,Tiffany Hicks,murphyjennifer@yahoo.com
1369119801,David Scott,velezamanda@yahoo.com
695201996,Emily Cervantes,hthornton@gmail.com
1702533580,Molly Boyd,rebecca26@yahoo.com
726356477,Eric Jones,teresaferguson@yahoo.com
1556441359,Allen Henderson,samueldiaz@yahoo.com
1214861822,Christopher Fernandez,iknapp@yahoo.com
3224853683,Erika Martinez,kerryjackson@gmail.com
4266839680,Joshua Spencer,zgreene@yahoo.com
1661889588,Lisa Martin,richardwood@gmail.com
1911606809,Barbara Glenn,kwright@yahoo.com
3892825382,Sean Vang,vsparks@gmail.com
334762189,Mark Pope,swilliams@gmail.com
1662886455,Daryl Hernandez,davidgibbs@hotmail.com
34538655,Jeffrey Holloway,iclayton@yahoo.com
2922514197,Jose James,prichards@hotmail.com
290550815,Wesley Jones,ruth10@yahoo.com
1971280831,Amber Johnson,watkinsjay@hotmail.com
2680394156,Kimberly Powell,elijah23@yahoo.com
3294114679,Mrs. Patricia Andrews MD,garrettmoore@hotmail.com
2680328256,Lawrence Harris,terrence97@yahoo.com
1299842850,Andrew Villegas,jennifer54@yahoo.com
4109638815,James Murray,tammymeyer@yahoo.com
1208631241,William Taylor,angelacasey@hotmail.com
3540701354,Nicole Johns,hthornton@gmail.com
3352595079,Joshua Lewis,dthomas@yahoo.com
3975788786,John Olsen,ronald78@gmail.com
1077103845,Anna Patrick,traceycastillo@hotmail.com
2593649215,Joseph Perez Jr.,velezstephanie@hotmail.com
908245993,Michelle Winters,garycortez@gmail.com
2412806184,Amanda Wells,jameswilliams@gmail.com
2849957872,Samantha Burns,lawrenceespinoza@yahoo.com
1219313026,Gregory Kline,mark34@yahoo.com
3072535734,Michael Arnold,tyler05@hotmail.com
3790152995,Kristin Lee,trevor64@gmail.com
4206874161,Anthony Roman,williamsimon@hotmail.com
973011093,George Pittman,randolphterry@hotmail.com
855979794,Michael Wheeler,ghorton@yahoo.com
4183627336,Thomas Sanchez,epowell@gmail.com
892751426,Julian Hughes,nicholsstephanie@gmail.com
2356537642,Robert Lewis,wattsbrandon@gmail.com
4003368783,Dr. Terry Carroll MD,franklinsandra@yahoo.com
2207573088,Tyler Nelson,allisonyoung@yahoo.com
208774227,Christina Jones,privera@hotmail.com
338791680,Michael Lopez,gonzalezshawn@hotmail.com
3888457480,Ariel Johnson,hthornton@gmail.com
4214537416,Kyle Nichols,gregory04@yahoo.com
2950092824,William Brooks,ubailey@yahoo.com
2035276017,Grant Morgan,lprince@hotmail.com
752296693,Austin Chaney,davismichael@yahoo.com
593239624,Autumn Long,vsalinas@yahoo.com
1685982887,Jeremy Brooks,kpatterson@gmail.com
3224970815,Jesse Hunt,royjohnson@hotmail.com
1828725082,Mia David,lindaroberts@hotmail.com
411741543,Anthony Chan,dmorgan@yahoo.com
4260972934,Raymond Stanley,mbrewer@yahoo.com
197035733,Robert Clay,cschneider@hotmail.com
3543755816,Michele Parsons,natalie72@hotmail.com
1758050598,Isabel Lloyd,shelleychang@gmail.com
1959815971,Mary Frye,autumn71@yahoo.com
1030370446,Blake Jackson,zpham@yahoo.com
1343283969,Ronald Lee,annette63@hotmail.com
3080457317,Claudia Gonzalez,hsantiago@hotmail.com
722636652,James Santiago,jamesserrano@yahoo.com
3484572787,Kenneth Myers,qvaughn@gmail.com
1801363090,Katie Moore,scott38@yahoo.com
400303656,Mindy Glass,ijordan@yahoo.com
400593322,Justin Chen,melissagonzalez@yahoo.com
4072424609,Gabriel Neal,emily60@hotmail.com
858936495,Jennifer Greene,klong@yahoo.com
524171983,Sonya Vasquez,daviskristina@yahoo.com
2229364535,Tiffany Hoffman,michael70@hotmail.com
2532413000,Jon Thompson,corey51@yahoo.com
1139622719,Samantha Johnson,evancastillo@yahoo.com
2790082593,Hector Ward,nicole42@gmail.com
340753564,Victoria Richards,dodsonmichael@hotmail.com
666205323,Steven Pittman,samantha04@yahoo.com
412585552,Jennifer Becker,stephen88@gmail.com
1349060124,Steven Jones,hannah90@gmail.com
2751029518,Allen Scott,fisherarthur@hotmail.com
780969999,Jacob Haley,kevin63@gmail.com
3628005618,Erik House,oliviaharrell@gmail.com
1821587490,Brett Christensen,steven86@gmail.com
3963924723,Christopher Valencia,zcastillo@yahoo.com
1202704513,Daniel Lee,hthornton@gmail.com
3552289720,Jennifer Hanson,smithcory@gmail.com
767420827,Latoya Spencer,andrew59@gmail.com
3442277413,Benjamin Miles,droberts@hotmail.com
1354220979,Richard Finley,kortiz@yahoo.com
4129695783,Amy Carr,deborah62@gmail.com
2690126136,Theresa Hardy,uadams@gmail.com
2981595301,William Dunn,john31@yahoo.com
3839914196,Michael Harrison,denisebaxter@yahoo.com
553890260,Jennifer Knight,fernandezshirley@gmail.com
3860483005,James Steele,sandrasmith@yahoo.com
3848470279,Diana Barnes,jongreen@hotmail.com
887070223,Monique Shields,rgilmore@hotmail.com
124000271,Sarah Johnson,kimberly86@hotmail.com
1676350755,Tonya Scott,anthonyreyes@yahoo.com
1412605575,Emily Douglas,michael09@hotmail.com
3138696081,Troy Lynch,christopher10@hotmail.com
990129101,Curtis Ortega,johnsonamy@gmail.com
1591327887,Terry Parker,andersonmatthew@gmail.com
3118489580,David Lyons,zfischer@gmail.com
2852003732,Katherine Fisher,hthornton@gmail.com
4182913297,Bridget Hill,fgolden@yahoo.com
3387958369,Alexandria Mason,jonathan46@hotmail.com
4133064178,Kevin Rivera,jennifer18@hotmail.com
3264469343,Hannah Johnston,laurenwilliams@gmail.com
3604076243,Amy Hudson,ricardo71@yahoo.com
708458366,Justin Munoz,nancy22@gmail.com
17976969,Bradley Green,lindawinters@gmail.com
297841233,Alexander Roach,annewilson@yahoo.com
64469033,Michael Marsh,samuelbaker@gmail.com
2736881305,Jennifer Shaw,karennelson@hotmail.com
1238266849,Matthew Miller,iortiz@yahoo.com
1073482153,Debra Davis,mashley@yahoo.com
1398882554,Bryan Mcdonald,christopherdaniels@yahoo.com
478879280,Bryan Allen,danielholloway@gmail.com
2347508906,Joshua Christian,mooresamantha@yahoo.com
1548048851,Dr. Laura Vargas MD,lmartin@yahoo.com
2467489892,Barbara Carter,anna42@gmail.com
1211318931,Kimberly Bernard,jwoods@yahoo.com
4080977858,Ashley Reese,hthornton@gmail.com
1883959622,Lauren Taylor,xwebb@hotmail.com
922351398,Daniel Thomas,hthornton@gmail.com
3955578297,Amy Taylor,jamie87@yahoo.com
368016529,Pamela Garza,dgonzales@hotmail.com
290016671,Gabriel Jackson,masonmitchell@hotmail.com
2632786776,Robert Mueller,mosstom@yahoo.com
710726844,Christopher Scott,chowell@yahoo.com
291062259,Ann Morgan,williamcochran@yahoo.com
4212571865,Jessica Stanley,emmahunt@yahoo.com
2114748329,Robert Nelson,ndougherty@hotmail.com
594795511,Jason Wyatt,natalierobles@gmail.com
1171157211,Joshua Rose,nichole22@gmail.com
2672973041,Jose Nunez,gbest@yahoo.com
449686584,Alexis Chen,joshuamccall@gmail.com
2488925403,Lance Hamilton,gmoreno@yahoo.com
1390878568,Brandon Allison,russellchristina@yahoo.com
4020796860,Christopher Turner,dmorales@yahoo.com
2007227156,Frank Spence,cervantesrebekah@yahoo.com
276072598,Thomas Thomas,cortiz@hotmail.com
2929821054,Jonathan Vaughn,thuff@yahoo.com
3163318186,Dr. Jared Calhoun,whitekara@hotmail.com
4180212682,Dale Gibson,jeanne08@gmail.com
3659438778,Theresa Rodgers,imiller@gmail.com
2330084562,Karen Brock,hthornton@gmail.com
2722209140,Jason Mcgee,marysanchez@gmail.com
2322395164,Susan Lopez,spencerbrett@yahoo.com
4122051364,David Moore,melodythompson@hotmail.com
354872493,Justin Henry,millerdonald@yahoo.com
1139817680,Aaron Brown,qjames@hotmail.com
2473254509,Timothy Nguyen,mistygarcia@gmail.com
1527197512,Amanda Olsen,manthony@gmail.com
3773434406,Debra Collins,dstone@hotmail.com
982004505,Heather Cohen,nancy91@hotmail.com
1895598578,Crystal Avery,joseph38@yahoo.com
2126372800,David Jackson,james17@yahoo.com
3101430058,Sherry Foster,sandersryan@yahoo.com
1763033155,Jonathan Barnes,benjamingeorge@hotmail.com
1625609420,Tyler Mcdonald,brookeedwards@hotmail.com
1711223425,Samuel Allison,mstewart@gmail.com
4274249903,Deanna Phillips,sheppardnicholas@hotmail.com
4089066953,Timothy Zimmerman,nicholsonclayton@hotmail.com
3788672109,Brittany Miller,hfletcher@yahoo.com
2203096662,Kenneth Frank,sarahharris@gmail.com
855606457,Jennifer Rojas,hthornton@gmail.com
163017512,Evan Sanchez,smithsteven@yahoo.com
33998425,Terry Smith,cruzchristopher@gmail.com
239331119,Kathleen Curtis,david51@yahoo.com
4220611453,Dorothy Howard,phamkatelyn@gmail.com
618882276,Michael Smith,charlotte75@gmail.com
264631481,Mr. Brian Cunningham,cookblake@gmail.com
3546477597,Shannon Smith,michael80@hotmail.com
735157485,Jeffrey Harmon,ashleyjohnson@gmail.com
146271438,Holly Lucero,hthornton@gmail.com
3771828660,Jo Tucker,bobby63@yahoo.com
1180491884,Eric Smith,nicoleortiz@yahoo.com
1825326228,John Cook,zavalasusan@yahoo.com
4202118620,Jennifer Lopez,sara87@yahoo.com
391366527,Jaime Reeves,danielschristina@yahoo.com
853978503,Kathryn Mckinney,cstewart@yahoo.com
2480567802,Aaron Dixon,vasquezscott@yahoo.com
3549245140,David Peterson,louis28@hotmail.com
2113388113,Maria Howard,jacquelinefrazier@gmail.com
2137219473,Johnathan Smith,katie68@hotmail.com
1413438242,Matthew Logan,jsullivan@gmail.com
1590068877,Brooke Montes,justinrobbins@hotmail.com
2906975653,Roy Murphy,michelle37@gmail.com
2329886880,Sydney Pacheco,cwoodward@yahoo.com
2136269341,Shelby Pacheco,igarcia@hotmail.com
768985948,Janice Hall,millsjacob@yahoo.com
57922310,Austin Thompson,wolfetroy@yahoo.com
801711654,Sarah Austin,milleradrienne@gmail.com
3179067949,Roger Stewart,brentmyers@gmail.com
4280689193,Frank Grant,khall@hotmail.com
1408530013,Timothy Taylor,obrewer@yahoo.com
3880890146,Johnny Robinson,jerry82@hotmail.com
3891363962,Nancy Morales,uhuber@hotmail.com
1643947999,John Wong,daltonelizabeth@hotmail.com
1110250770,Ryan Conway,jacobmelton@hotmail.com
3963274480,Robert Ward,daviddelgado@yahoo.com
